Workbook

Sheet 📋 IP Input Sheet
A1: AES-220 | IP Address Input Sheet | Enter all IP values here
A2: ⚠️ CONFIDENTIAL — AMEX Internal Use Only. Fill in the IP/Subnet for each component. All firewall rule tabs will auto-populate.
A3: # | B3: Component / Service | C3: Named Range Key | D3: AZ1 IP / Subnet | E3: AZ2 IP / Subnet | F3: AZ3 IP / Subnet
A4: 🔷 FLEET COMPONENTS (NSX Overlay Segment)
A5: F1 | B5: VCF Operations Fleet Manager | C5: FLEET_MGR
A6: F2 | B6: VCF Operations (VCFO) | C6: VCFO
A7: F3 | B7: VCF Automation (VCFA) | C7: VCFA
A8: F4 | B8: VCF Operations for Logs (VOL) | C8: VOL
A9: F5 | B9: VCF Operations for Networks (VON) | C9: VON
A10: F6 | B10: Identity Broker (VIDB) | C10: VIDB
A11: F7 | B11: Fleet Overlay Subnet (overall) | C11: FLEET_SUBNET
A12: 🔷 MANAGEMENT DOMAIN COMPONENTS (VLAN 2600 — per AZ)
A13: M1 | B13: vCenter Server | C13: VCENTER
A14: M2 | B14: NSX Manager (Local) | C14: NSX_MGR
A15: M3 | B15: NSX Global Manager | C15: NSX_GM
A16: M4 | B16: SDDC Manager | C16: SDDC_MGR
A17: M5 | B17: VCF Operations Collector | C17: VCFO_COLL
A18: M6 | B18: ESXi Mgmt Subnet — Mgmt Domain | C18: ESXI_MGMT_MD
A19: 🔷 WORKLOAD DOMAIN (per AZ)
A20: W1 | B20: ESXi Mgmt Subnet — WLD | C20: ESXI_MGMT_WLD
A21: W2 | B21: Workload Ext Subnet | C21: WLD_EXT
A22: W3 | B22: VPC Segment Subnet | C22: VPC_SEG
A23: 🔷 EXTERNAL SERVICES (shared — no AZ split needed)
A24: E1 | B24: DNS Server | C24: DNS_SRV | E24: N/A — shared | F24: N/A — shared
A25: E2 | B25: NTP Server | C25: NTP_SRV | E25: N/A — shared | F25: N/A — shared
A26: E3 | B26: AD / LDAP Server | C26: AD_SRV | E26: N/A — shared | F26: N/A — shared
A27: E4 | B27: CA Certificate Server | C27: CA_SRV | E27: N/A — shared | F27: N/A — shared
A28: E5 | B28: SFTP Backup Server | C28: SFTP_SRV | E28: N/A — shared | F28: N/A — shared
A29: E6 | B29: Artifactory / Depot | C29: ARTIF_SRV | E29: N/A — shared | F29: N/A — shared
A31: LEGEND: | B31: Yellow cells = enter IP/subnet here | C31: Grey = not applicable

Sheet ➡️ Fleet → Mgmt+WLD
A1: AES-220 | Firewall Rules | Fleet → Management Domain & WLD ESXi Hosts
A2: Source IP and Destination IP auto-populate from '📋 IP Input Sheet'. Fill in IPs there first.
A3: # | B3: Rule Name | C3: Source Component | D3: Source IP / Subnet | E3: Destination Component | F3: Destination IP / Subnet | G3: Port | H3: Protocol | I3: Service / Application | J3: Action | K3: Firewall Type | L3: Flow Direction | M3: Notes
A4: FM-01 | B4: Fleet Mgr → SDDC Mgmt | C4: VCF Operations Fleet Manager | D4: =IFERROR(IF('📋 IP Input Sheet'!D5<>"",'📋 IP Input Sheet'!D5,IF('📋 IP Input Sheet'!E5<>"",'📋 IP Input Sheet'!E5,'📋 IP Input Sheet'!F5)),"[Enter IP]") | E4: SDDC Manager | F4: =IFERROR(IF('📋 IP Input Sheet'!D16<>"",'📋 IP Input Sheet'!D16,IF('📋 IP Input Sheet'!E16<>"",'📋 IP Input Sheet'!E16,'📋 IP Input Sheet'!F16)),"[Enter IP]") | G4: 443 | H4: TCP | I4: Lifecycle Management | J4: Allow | K4: Gateway FW | L4: Outbound | M4: Ticket req #3 — Fleet→Mgmt
A5: FM-02 | B5: Fleet Mgr → VCF Operations | C5: VCF Operations Fleet Manager | D5: =IFERROR(IF('📋 IP Input Sheet'!D5<>"",'📋 IP Input Sheet'!D5,IF('📋 IP Input Sheet'!E5<>"",'📋 IP Input Sheet'!E5,'📋 IP Input Sheet'!F5)),"[Enter IP]") | E5: VCF Operations (VCFO) | F5: =IFERROR(IF('📋 IP Input Sheet'!D6<>"",'📋 IP Input Sheet'!D6,IF('📋 IP Input Sheet'!E6<>"",'📋 IP Input Sheet'!E6,'📋 IP Input Sheet'!F6)),"[Enter IP]") | G5: 443 | H5: TCP | I5: VCF Ops collector metrics | J5: Allow | K5: Gateway FW | L5: Outbound | M5: Bidirectional
A6: FM-03 | B6: Fleet Mgr → vCenter | C6: VCF Operations Fleet Manager | D6: =IFERROR(IF('📋 IP Input Sheet'!D5<>"",'📋 IP Input Sheet'!D5,IF('📋 IP Input Sheet'!E5<>"",'📋 IP Input Sheet'!E5,'📋 IP Input Sheet'!F5)),"[Enter IP]") | E6: vCenter Server | F6: =IFERROR(IF('📋 IP Input Sheet'!D13<>"",'📋 IP Input Sheet'!D13,IF('📋 IP Input Sheet'!E13<>"",'📋 IP Input Sheet'!E13,'📋 IP Input Sheet'!F13)),"[Enter IP]") | G6: 443 | H6: TCP | I6: vCenter config & mgmt tasks | J6: Allow | K6: Gateway FW | L6: Outbound
A7: FM-04 | B7: Fleet Mgr → NSX Manager | C7: VCF Operations Fleet Manager | D7: =IFERROR(IF('📋 IP Input Sheet'!D5<>"",'📋 IP Input Sheet'!D5,IF('📋 IP Input Sheet'!E5<>"",'📋 IP Input Sheet'!E5,'📋 IP Input Sheet'!F5)),"[Enter IP]") | E7: NSX Manager | F7: =IFERROR(IF('📋 IP Input Sheet'!D14<>"",'📋 IP Input Sheet'!D14,IF('📋 IP Input Sheet'!E14<>"",'📋 IP Input Sheet'!E14,'📋 IP Input Sheet'!F14)),"[Enter IP]") | G7: 443 | H7: TCP | I7: NSX networking & security config | J7: Allow | K7: Gateway FW | L7: Outbound
A8: FM-05 | B8: Fleet Mgr → DNS | C8: VCF Operations Fleet Manager | D8: =IFERROR(IF('📋 IP Input Sheet'!D5<>"",'📋 IP Input Sheet'!D5,IF('📋 IP Input Sheet'!E5<>"",'📋 IP Input Sheet'!E5,'📋 IP Input Sheet'!F5)),"[Enter IP]") | E8: DNS Server | F8: ='📋 IP Input Sheet'!D24 | G8: 53 | H8: TCP/UDP | I8: Name resolution | J8: Allow | K8: Gateway FW | L8: Bidirectional | M8: All Fleet+VCF components
A9: FM-06 | B9: Fleet Mgr → NTP | C9: VCF Operations Fleet Manager | D9: =IFERROR(IF('📋 IP Input Sheet'!D5<>"",'📋 IP Input Sheet'!D5,IF('📋 IP Input Sheet'!E5<>"",'📋 IP Input Sheet'!E5,'📋 IP Input Sheet'!F5)),"[Enter IP]") | E9: NTP Server | F9: ='📋 IP Input Sheet'!D25 | G9: 123 | H9: UDP | I9: Time synchronisation | J9: Allow | K9: Gateway FW | L9: Outbound
A10: FM-07 | B10: Fleet Mgr → ESXi (HTTPS) | C10: VCF Operations Fleet Manager | D10: =IFERROR(IF('📋 IP Input Sheet'!D5<>"",'📋 IP Input Sheet'!D5,IF('📋 IP Input Sheet'!E5<>"",'📋 IP Input Sheet'!E5,'📋 IP Input Sheet'!F5)),"[Enter IP]") | E10: ESXi Hosts (WLD) | F10: =IFERROR(IF('📋 IP Input Sheet'!D20<>"",'📋 IP Input Sheet'!D20,IF('📋 IP Input Sheet'!E20<>"",'📋 IP Input Sheet'!E20,'📋 IP Input Sheet'!F20)),"[Enter IP]") | G10: 443 | H10: TCP | I10: Secure web services / APIs | J10: Allow | K10: Gateway FW | L10: Outbound
A11: FM-08 | B11: Fleet Mgr → VCFA (SSH) | C11: VCF Operations Fleet Manager | D11: =IFERROR(IF('📋 IP Input Sheet'!D5<>"",'📋 IP Input Sheet'!D5,IF('📋 IP Input Sheet'!E5<>"",'📋 IP Input Sheet'!E5,'📋 IP Input Sheet'!F5)),"[Enter IP]") | E11: VCF Automation | F11: =IFERROR(IF('📋 IP Input Sheet'!D7<>"",'📋 IP Input Sheet'!D7,IF('📋 IP Input Sheet'!E7<>"",'📋 IP Input Sheet'!E7,'📋 IP Input Sheet'!F7)),"[Enter IP]") | G11: 22 | H11: TCP | I11: SSH lifecycle tasks | J11: Allow | K11: Gateway FW | L11: Outbound | M11: Admin — restrict to jump host
A12: FM-09 | B12: Fleet Mgr → VCFA+VIDB (6443) | C12: VCF Operations Fleet Manager | D12: =IFERROR(IF('📋 IP Input Sheet'!D5<>"",'📋 IP Input Sheet'!D5,IF('📋 IP Input Sheet'!E5<>"",'📋 IP Input Sheet'!E5,'📋 IP Input Sheet'!F5)),"[Enter IP]") | E12: Identity Broker & VCF Automation | F12: =IFERROR(IF('📋 IP Input Sheet'!D7<>"",'📋 IP Input Sheet'!D7,IF('📋 IP Input Sheet'!E7<>"",'📋 IP Input Sheet'!E7,'📋 IP Input Sheet'!F7)),"[Enter IP]") | G12: 6443 | H12: TCP | I12: Control Plane API (k8s apiserver) | J12: Allow | K12: Gateway FW | L12: Outbound
A13: FM-10 | B13: Fleet Mgr → VCFA+VIDB (30006) | C13: VCF Operations Fleet Manager | D13: =IFERROR(IF('📋 IP Input Sheet'!D5<>"",'📋 IP Input Sheet'!D5,IF('📋 IP Input Sheet'!E5<>"",'📋 IP Input Sheet'!E5,'📋 IP Input Sheet'!F5)),"[Enter IP]") | E13: Identity Broker & VCF Automation | F13: =IFERROR(IF('📋 IP Input Sheet'!D7<>"",'📋 IP Input Sheet'!D7,IF('📋 IP Input Sheet'!E7<>"",'📋 IP Input Sheet'!E7,'📋 IP Input Sheet'!F7)),"[Enter IP]") | G13: 30006 | H13: TCP | I13: Validates VCFA health pre-LCM | J13: Allow | K13: Gateway FW | L13: Outbound
A14: FM-11 | B14: Fleet Mgr → VCFA+VIDB (30005) | C14: VCF Operations Fleet Manager | D14: =IFERROR(IF('📋 IP Input Sheet'!D5<>"",'📋 IP Input Sheet'!D5,IF('📋 IP Input Sheet'!E5<>"",'📋 IP Input Sheet'!E5,'📋 IP Input Sheet'!F5)),"[Enter IP]") | E14: Identity Broker & VCF Automation | F14: =IFERROR(IF('📋 IP Input Sheet'!D7<>"",'📋 IP Input Sheet'!D7,IF('📋 IP Input Sheet'!E7<>"",'📋 IP Input Sheet'!E7,'📋 IP Input Sheet'!F7)),"[Enter IP]") | G14: 30005 | H14: TCP | I14: API calls to VIDB & VCFA | J14: Allow | K14: Gateway FW | L14: Outbound
A15: FM-12 | B15: Fleet Mgr → VCFA+VIDB (30001) | C15: VCF Operations Fleet Manager | D15: =IFERROR(IF('📋 IP Input Sheet'!D5<>"",'📋 IP Input Sheet'!D5,IF('📋 IP Input Sheet'!E5<>"",'📋 IP Input Sheet'!E5,'📋 IP Input Sheet'!F5)),"[Enter IP]") | E15: Identity Broker & VCF Automation | F15: =IFERROR(IF('📋 IP Input Sheet'!D7<>"",'📋 IP Input Sheet'!D7,IF('📋 IP Input Sheet'!E7<>"",'📋 IP Input Sheet'!E7,'📋 IP Input Sheet'!F7)),"[Enter IP]") | G15: 30001 | H15: TCP | I15: Container images (k8s/VKS) | J15: Allow | K15: Gateway FW | L15: Outbound
A16: FM-13 | B16: Fleet Mgr → VCFA+VIDB (30000) | C16: VCF Operations Fleet Manager | D16: =IFERROR(IF('📋 IP Input Sheet'!D5<>"",'📋 IP Input Sheet'!D5,IF('📋 IP Input Sheet'!E5<>"",'📋 IP Input Sheet'!E5,'📋 IP Input Sheet'!F5)),"[Enter IP]") | E16: Identity Broker & VCF Automation | F16: =IFERROR(IF('📋 IP Input Sheet'!D7<>"",'📋 IP Input Sheet'!D7,IF('📋 IP Input Sheet'!E7<>"",'📋 IP Input Sheet'!E7,'📋 IP Input Sheet'!F7)),"[Enter IP]") | G16: 30000 | H16: TCP | I16: Container images (k8s/VKS) | J16: Allow | K16: Gateway FW | L16: Outbound
A17: FM-14 | B17: Fleet Mgr → VCFA health | C17: VCF Operations Fleet Manager | D17: =IFERROR(IF('📋 IP Input Sheet'!D5<>"",'📋 IP Input Sheet'!D5,IF('📋 IP Input Sheet'!E5<>"",'📋 IP Input Sheet'!E5,'📋 IP Input Sheet'!F5)),"[Enter IP]") | E17: VCF Automation | F17: =IFERROR(IF('📋 IP Input Sheet'!D7<>"",'📋 IP Input Sheet'!D7,IF('📋 IP Input Sheet'!E7<>"",'📋 IP Input Sheet'!E7,'📋 IP Input Sheet'!F7)),"[Enter IP]") | G17: 8008 | H17: TCP | I17: Health check monitoring | J17: Allow | K17: Gateway FW | L17: Outbound
A18: VO-01 | B18: VCF Ops → NTP | C18: VCF Operations (VCFO) | D18: =IFERROR(IF('📋 IP Input Sheet'!D6<>"",'📋 IP Input Sheet'!D6,IF('📋 IP Input Sheet'!E6<>"",'📋 IP Input Sheet'!E6,'📋 IP Input Sheet'!F6)),"[Enter IP]") | E18: NTP Server | F18: ='📋 IP Input Sheet'!D25 | G18: 123 | H18: UDP | I18: Time sync — primary/replica/data nodes | J18: Allow | K18: Gateway FW | L18: Outbound
A19: VO-02 | B19: VCF Ops → DNS | C19: VCF Operations (VCFO) | D19: =IFERROR(IF('📋 IP Input Sheet'!D6<>"",'📋 IP Input Sheet'!D6,IF('📋 IP Input Sheet'!E6<>"",'📋 IP Input Sheet'!E6,'📋 IP Input Sheet'!F6)),"[Enter IP]") | E19: DNS Server | F19: ='📋 IP Input Sheet'!D24 | G19: 53 | H19: TCP/UDP | I19: DNS resolution | J19: Allow | K19: Gateway FW | L19: Outbound
A20: VO-03 | B20: VCF Ops → LDAP | C20: VCF Operations (VCFO) | D20: =IFERROR(IF('📋 IP Input Sheet'!D6<>"",'📋 IP Input Sheet'!D6,IF('📋 IP Input Sheet'!E6<>"",'📋 IP Input Sheet'!E6,'📋 IP Input Sheet'!F6)),"[Enter IP]") | E20: AD/LDAP Server | F20: ='📋 IP Input Sheet'!D26 | G20: 389 | H20: TCP | I20: LDAP directory | J20: Allow | K20: Gateway FW | L20: Outbound
A21: VO-04 | B21: VCF Ops → LDAPS | C21: VCF Operations (VCFO) | D21: =IFERROR(IF('📋 IP Input Sheet'!D6<>"",'📋 IP Input Sheet'!D6,IF('📋 IP Input Sheet'!E6<>"",'📋 IP Input Sheet'!E6,'📋 IP Input Sheet'!F6)),"[Enter IP]") | E21: AD/LDAP Server | F21: ='📋 IP Input Sheet'!D26 | G21: 636 | H21: TCP | I21: LDAPS secure directory | J21: Allow | K21: Gateway FW | L21: Outbound
A22: VO-05 | B22: VCF Ops → Global Catalog | C22: VCF Operations (VCFO) | D22: =IFERROR(IF('📋 IP Input Sheet'!D6<>"",'📋 IP Input Sheet'!D6,IF('📋 IP Input Sheet'!E6<>"",'📋 IP Input Sheet'!E6,'📋 IP Input Sheet'!F6)),"[Enter IP]") | E22: AD/LDAP Server | F22: ='📋 IP Input Sheet'!D26 | G22: 3268/3269 | H22: TCP | I22: Global Catalog AD | J22: Allow | K22: Gateway FW | L22: Outbound
A23: VO-06 | B23: VCF Ops → SFTP | C23: VCF Operations (VCFO) | D23: =IFERROR(IF('📋 IP Input Sheet'!D6<>"",'📋 IP Input Sheet'!D6,IF('📋 IP Input Sheet'!E6<>"",'📋 IP Input Sheet'!E6,'📋 IP Input Sheet'!F6)),"[Enter IP]") | E23: SFTP Server | F23: ='📋 IP Input Sheet'!D28 | G23: 22 | H23: TCP | I23: External backup | J23: Allow | K23: Gateway FW | L23: Outbound
A24: VO-07 | B24: VCF Ops → vCenter (inventory) | C24: VCF Operations (VCFO) | D24: =IFERROR(IF('📋 IP Input Sheet'!D6<>"",'📋 IP Input Sheet'!D6,IF('📋 IP Input Sheet'!E6<>"",'📋 IP Input Sheet'!E6,'📋 IP Input Sheet'!F6)),"[Enter IP]") | E24: vCenter Server | F24: =IFERROR(IF('📋 IP Input Sheet'!D13<>"",'📋 IP Input Sheet'!D13,IF('📋 IP Input Sheet'!E13<>"",'📋 IP Input Sheet'!E13,'📋 IP Input Sheet'!F13)),"[Enter IP]") | G24: 10443 | H24: TCP | I24: vCenter inventory service | J24: Allow | K24: Gateway FW | L24: Outbound
A25: VO-08 | B25: VCF Ops → vCenter (HTTPS) | C25: VCF Operations (VCFO) | D25: =IFERROR(IF('📋 IP Input Sheet'!D6<>"",'📋 IP Input Sheet'!D6,IF('📋 IP Input Sheet'!E6<>"",'📋 IP Input Sheet'!E6,'📋 IP Input Sheet'!F6)),"[Enter IP]") | E25: vCenter Server | F25: =IFERROR(IF('📋 IP Input Sheet'!D13<>"",'📋 IP Input Sheet'!D13,IF('📋 IP Input Sheet'!E13<>"",'📋 IP Input Sheet'!E13,'📋 IP Input Sheet'!F13)),"[Enter IP]") | G25: 443 | H25: TCP | I25: HTTPS API comms | J25: Allow | K25: Gateway FW | L25: Outbound
A26: VO-09 | B26: VCF Ops → ESXi | C26: VCF Operations (VCFO) | D26: =IFERROR(IF('📋 IP Input Sheet'!D6<>"",'📋 IP Input Sheet'!D6,IF('📋 IP Input Sheet'!E6<>"",'📋 IP Input Sheet'!E6,'📋 IP Input Sheet'!F6)),"[Enter IP]") | E26: ESXi Hosts (WLD) | F26: =IFERROR(IF('📋 IP Input Sheet'!D20<>"",'📋 IP Input Sheet'!D20,IF('📋 IP Input Sheet'!E20<>"",'📋 IP Input Sheet'!E20,'📋 IP Input Sheet'!F20)),"[Enter IP]") | G26: 443 | H26: TCP | I26: Management operations | J26: Allow | K26: Gateway FW | L26: Outbound
A27: VO-10 | B27: VCF Ops → NSX Manager | C27: VCF Operations (VCFO) | D27: =IFERROR(IF('📋 IP Input Sheet'!D6<>"",'📋 IP Input Sheet'!D6,IF('📋 IP Input Sheet'!E6<>"",'📋 IP Input Sheet'!E6,'📋 IP Input Sheet'!F6)),"[Enter IP]") | E27: NSX Manager | F27: =IFERROR(IF('📋 IP Input Sheet'!D14<>"",'📋 IP Input Sheet'!D14,IF('📋 IP Input Sheet'!E14<>"",'📋 IP Input Sheet'!E14,'📋 IP Input Sheet'!F14)),"[Enter IP]") | G27: 443 | H27: TCP | I27: NSX API metrics/inventory | J27: Allow | K27: Gateway FW | L27: Outbound
A28: VA-01 | B28: VCF Auto → vCenter | C28: VCF Automation (VCFA) | D28: =IFERROR(IF('📋 IP Input Sheet'!D7<>"",'📋 IP Input Sheet'!D7,IF('📋 IP Input Sheet'!E7<>"",'📋 IP Input Sheet'!E7,'📋 IP Input Sheet'!F7)),"[Enter IP]") | E28: vCenter Server | F28: =IFERROR(IF('📋 IP Input Sheet'!D13<>"",'📋 IP Input Sheet'!D13,IF('📋 IP Input Sheet'!E13<>"",'📋 IP Input Sheet'!E13,'📋 IP Input Sheet'!F13)),"[Enter IP]") | G28: 443 | H28: TCP | I28: API and Web Access — mgmt+API | J28: Allow | K28: Gateway FW | L28: Bidirectional
A29: VA-02 | B29: VCF Auto → ESXi (902) | C29: VCF Automation (VCFA) | D29: =IFERROR(IF('📋 IP Input Sheet'!D7<>"",'📋 IP Input Sheet'!D7,IF('📋 IP Input Sheet'!E7<>"",'📋 IP Input Sheet'!E7,'📋 IP Input Sheet'!F7)),"[Enter IP]") | E29: ESXi Hosts (WLD) | F29: =IFERROR(IF('📋 IP Input Sheet'!D20<>"",'📋 IP Input Sheet'!D20,IF('📋 IP Input Sheet'!E20<>"",'📋 IP Input Sheet'!E20,'📋 IP Input Sheet'!F20)),"[Enter IP]") | G29: 902 | H29: TCP | I29: VM Console VMRC/MKS | J29: Allow | K29: Gateway FW | L29: Outbound
A30: VA-03 | B30: VCF Auto → ESXi (443) | C30: VCF Automation (VCFA) | D30: =IFERROR(IF('📋 IP Input Sheet'!D7<>"",'📋 IP Input Sheet'!D7,IF('📋 IP Input Sheet'!E7<>"",'📋 IP Input Sheet'!E7,'📋 IP Input Sheet'!F7)),"[Enter IP]") | E30: ESXi Hosts (WLD) | F30: =IFERROR(IF('📋 IP Input Sheet'!D20<>"",'📋 IP Input Sheet'!D20,IF('📋 IP Input Sheet'!E20<>"",'📋 IP Input Sheet'!E20,'📋 IP Input Sheet'!F20)),"[Enter IP]") | G30: 443 | H30: TCP | I30: Web Console | J30: Allow | K30: Gateway FW | L30: Bidirectional
A31: VA-04 | B31: VCF Auto → ESXi (SSH) | C31: VCF Automation (VCFA) | D31: =IFERROR(IF('📋 IP Input Sheet'!D7<>"",'📋 IP Input Sheet'!D7,IF('📋 IP Input Sheet'!E7<>"",'📋 IP Input Sheet'!E7,'📋 IP Input Sheet'!F7)),"[Enter IP]") | E31: ESXi Hosts (WLD) | F31: =IFERROR(IF('📋 IP Input Sheet'!D20<>"",'📋 IP Input Sheet'!D20,IF('📋 IP Input Sheet'!E20<>"",'📋 IP Input Sheet'!E20,'📋 IP Input Sheet'!F20)),"[Enter IP]") | G31: 22 | H31: TCP | I31: SSH | J31: Allow | K31: Gateway FW | L31: Bidirectional | M31: Admin — restrict to jump host
A32: VA-05 | B32: VCF Auto → NSX Mgr | C32: VCF Automation (VCFA) | D32: =IFERROR(IF('📋 IP Input Sheet'!D7<>"",'📋 IP Input Sheet'!D7,IF('📋 IP Input Sheet'!E7<>"",'📋 IP Input Sheet'!E7,'📋 IP Input Sheet'!F7)),"[Enter IP]") | E32: NSX Manager Cluster | F32: =IFERROR(IF('📋 IP Input Sheet'!D14<>"",'📋 IP Input Sheet'!D14,IF('📋 IP Input Sheet'!E14<>"",'📋 IP Input Sheet'!E14,'📋 IP Input Sheet'!F14)),"[Enter IP]") | G32: 443 | H32: TCP | I32: NSX Manager API HTTPS — policy provisioning | J32: Allow | K32: Gateway FW | L32: Bidirectional
A33: VA-06 | B33: VCF Auto → Supervisor VIP (443) | C33: VCF Automation (VCFA) | D33: =IFERROR(IF('📋 IP Input Sheet'!D7<>"",'📋 IP Input Sheet'!D7,IF('📋 IP Input Sheet'!E7<>"",'📋 IP Input Sheet'!E7,'📋 IP Input Sheet'!F7)),"[Enter IP]") | E33: Supervisor Control Plane VIP | F33: =IFERROR(IF('📋 IP Input Sheet'!D21<>"",'📋 IP Input Sheet'!D21,IF('📋 IP Input Sheet'!E21<>"",'📋 IP Input Sheet'!E21,'📋 IP Input Sheet'!F21)),"[Enter IP]") | G33: 443 | H33: TCP | I33: vSphere Supervisor API via LB | J33: Allow | K33: Gateway FW | L33: Outbound
A34: VA-07 | B34: VCF Auto → Supervisor VIP (6443) | C34: VCF Automation (VCFA) | D34: =IFERROR(IF('📋 IP Input Sheet'!D7<>"",'📋 IP Input Sheet'!D7,IF('📋 IP Input Sheet'!E7<>"",'📋 IP Input Sheet'!E7,'📋 IP Input Sheet'!F7)),"[Enter IP]") | E34: Supervisor Control Plane VIP | F34: =IFERROR(IF('📋 IP Input Sheet'!D21<>"",'📋 IP Input Sheet'!D21,IF('📋 IP Input Sheet'!E21<>"",'📋 IP Input Sheet'!E21,'📋 IP Input Sheet'!F21)),"[Enter IP]") | G34: 6443 | H34: TCP | I34: Kubernetes API server | J34: Allow | K34: Gateway FW | L34: Outbound
A35: VN-01 | B35: VON → vCenter (IPFIX) | C35: VCF Ops for Networks (VON) | D35: =IFERROR(IF('📋 IP Input Sheet'!D9<>"",'📋 IP Input Sheet'!D9,IF('📋 IP Input Sheet'!E9<>"",'📋 IP Input Sheet'!E9,'📋 IP Input Sheet'!F9)),"[Enter IP]") | E35: vCenter Server | F35: =IFERROR(IF('📋 IP Input Sheet'!D13<>"",'📋 IP Input Sheet'!D13,IF('📋 IP Input Sheet'!E13<>"",'📋 IP Input Sheet'!E13,'📋 IP Input Sheet'!F13)),"[Enter IP]") | G35: 2055 | H35: TCP | I35: IPFIX (deprecated → use 4739) | J35: Allow | K35: Gateway FW | L35: Outbound | M35: Port 2055 deprecated
A36: VN-02 | B36: VON → ESXi (IPFIX) | C36: VCF Ops for Networks (VON) | D36: =IFERROR(IF('📋 IP Input Sheet'!D9<>"",'📋 IP Input Sheet'!D9,IF('📋 IP Input Sheet'!E9<>"",'📋 IP Input Sheet'!E9,'📋 IP Input Sheet'!F9)),"[Enter IP]") | E36: ESXi Hosts (WLD) | F36: =IFERROR(IF('📋 IP Input Sheet'!D20<>"",'📋 IP Input Sheet'!D20,IF('📋 IP Input Sheet'!E20<>"",'📋 IP Input Sheet'!E20,'📋 IP Input Sheet'!F20)),"[Enter IP]") | G36: 4739 | H36: TCP/UDP | I36: IPFIX + NETFLOW export | J36: Allow | K36: Gateway FW | L36: Outbound
A37: VN-03 | B37: VON → NSX Manager | C37: VCF Ops for Networks (VON) | D37: =IFERROR(IF('📋 IP Input Sheet'!D9<>"",'📋 IP Input Sheet'!D9,IF('📋 IP Input Sheet'!E9<>"",'📋 IP Input Sheet'!E9,'📋 IP Input Sheet'!F9)),"[Enter IP]") | E37: NSX Manager | F37: =IFERROR(IF('📋 IP Input Sheet'!D14<>"",'📋 IP Input Sheet'!D14,IF('📋 IP Input Sheet'!E14<>"",'📋 IP Input Sheet'!E14,'📋 IP Input Sheet'!F14)),"[Enter IP]") | G37: 443 | H37: TCP | I37: HTTPS NSX API — inventory+config+events | J37: Allow | K37: Gateway FW | L37: Outbound
A38: VN-04 | B38: VON → DNS | C38: VCF Ops for Networks (VON) | D38: =IFERROR(IF('📋 IP Input Sheet'!D9<>"",'📋 IP Input Sheet'!D9,IF('📋 IP Input Sheet'!E9<>"",'📋 IP Input Sheet'!E9,'📋 IP Input Sheet'!F9)),"[Enter IP]") | E38: DNS Server | F38: ='📋 IP Input Sheet'!D24 | G38: 53 | H38: TCP | I38: DNS name resolution | J38: Allow | K38: Gateway FW | L38: Outbound
A39: VN-05 | B39: VON → NTP | C39: VCF Ops for Networks (VON) | D39: =IFERROR(IF('📋 IP Input Sheet'!D9<>"",'📋 IP Input Sheet'!D9,IF('📋 IP Input Sheet'!E9<>"",'📋 IP Input Sheet'!E9,'📋 IP Input Sheet'!F9)),"[Enter IP]") | E39: NTP Server | F39: ='📋 IP Input Sheet'!D25 | G39: 123 | H39: UDP | I39: Time server | J39: Allow | K39: Gateway FW | L39: Outbound
A40: VN-06 | B40: VON → Switches (SNMP) | C40: VCF Ops for Networks (VON) | D40: =IFERROR(IF('📋 IP Input Sheet'!D9<>"",'📋 IP Input Sheet'!D9,IF('📋 IP Input Sheet'!E9<>"",'📋 IP Input Sheet'!E9,'📋 IP Input Sheet'!F9)),"[Enter IP]") | E40: Multi-Vendor Switches/Routers | F40: [Enter IP] | G40: 161 | H40: TCP | I40: SNMP Polling | J40: Allow | K40: Gateway FW | L40: Outbound | M40: Confirm physical device IPs with network team

Sheet ⬅️ Mgmt+WLD → Fleet
A1: AES-220 | Firewall Rules | Management Domain & WLD ESXi → Fleet
A2: Source IP and Destination IP auto-populate from '📋 IP Input Sheet'. Fill in IPs there first.
A3: # | B3: Rule Name | C3: Source Component | D3: Source IP / Subnet | E3: Destination Component | F3: Destination IP / Subnet | G3: Port | H3: Protocol | I3: Service / Application | J3: Action | K3: Firewall Type | L3: Flow Direction | M3: Notes
A4: MF-01 | B4: vCenter → Fleet Mgr (HTTPS) | C4: vCenter Server | D4: =IFERROR(IF('📋 IP Input Sheet'!D13<>"",'📋 IP Input Sheet'!D13,IF('📋 IP Input Sheet'!E13<>"",'📋 IP Input Sheet'!E13,'📋 IP Input Sheet'!F13)),"[Enter IP]") | E4: VCF Ops Fleet Manager | F4: =IFERROR(IF('📋 IP Input Sheet'!D5<>"",'📋 IP Input Sheet'!D5,IF('📋 IP Input Sheet'!E5<>"",'📋 IP Input Sheet'!E5,'📋 IP Input Sheet'!F5)),"[Enter IP]") | G4: 443 | H4: TCP | I4: Core APIs/HTTPS lifecycle+orchestration | J4: Allow | K4: Gateway FW | L4: Outbound | M4: Ticket req #4 — Mgmt→Fleet
A5: MF-02 | B5: vCenter → VCFO (API) | C5: vCenter Server | D5: =IFERROR(IF('📋 IP Input Sheet'!D13<>"",'📋 IP Input Sheet'!D13,IF('📋 IP Input Sheet'!E13<>"",'📋 IP Input Sheet'!E13,'📋 IP Input Sheet'!F13)),"[Enter IP]") | E5: VCF Operations (VCFO) | F5: =IFERROR(IF('📋 IP Input Sheet'!D6<>"",'📋 IP Input Sheet'!D6,IF('📋 IP Input Sheet'!E6<>"",'📋 IP Input Sheet'!E6,'📋 IP Input Sheet'!F6)),"[Enter IP]") | G5: 443 | H5: TCP | I5: API comms bidirectional | J5: Allow | K5: Gateway FW | L5: Bidirectional
A6: MF-03 | B6: vCenter → VCFO (node mgr) | C6: vCenter Server | D6: =IFERROR(IF('📋 IP Input Sheet'!D13<>"",'📋 IP Input Sheet'!D13,IF('📋 IP Input Sheet'!E13<>"",'📋 IP Input Sheet'!E13,'📋 IP Input Sheet'!F13)),"[Enter IP]") | E6: VCF Operations (VCFO) | F6: =IFERROR(IF('📋 IP Input Sheet'!D6<>"",'📋 IP Input Sheet'!D6,IF('📋 IP Input Sheet'!E6<>"",'📋 IP Input Sheet'!E6,'📋 IP Input Sheet'!F6)),"[Enter IP]") | G6: 8443 | H6: TCP | I6: Node Manager | J6: Allow | K6: Gateway FW | L6: Outbound
A7: MF-04 | B7: vCenter → VCFA (API) | C7: vCenter Server | D7: =IFERROR(IF('📋 IP Input Sheet'!D13<>"",'📋 IP Input Sheet'!D13,IF('📋 IP Input Sheet'!E13<>"",'📋 IP Input Sheet'!E13,'📋 IP Input Sheet'!F13)),"[Enter IP]") | E7: VCF Automation (VCFA) | F7: =IFERROR(IF('📋 IP Input Sheet'!D7<>"",'📋 IP Input Sheet'!D7,IF('📋 IP Input Sheet'!E7<>"",'📋 IP Input Sheet'!E7,'📋 IP Input Sheet'!F7)),"[Enter IP]") | G7: 443 | H7: TCP | I7: API bidirectional | J7: Allow | K7: Gateway FW | L7: Bidirectional
A8: MF-05 | B8: vCenter → VOL (syslog) | C8: vCenter Server | D8: =IFERROR(IF('📋 IP Input Sheet'!D13<>"",'📋 IP Input Sheet'!D13,IF('📋 IP Input Sheet'!E13<>"",'📋 IP Input Sheet'!E13,'📋 IP Input Sheet'!F13)),"[Enter IP]") | E8: VCF Operations for Logs | F8: =IFERROR(IF('📋 IP Input Sheet'!D8<>"",'📋 IP Input Sheet'!D8,IF('📋 IP Input Sheet'!E8<>"",'📋 IP Input Sheet'!E8,'📋 IP Input Sheet'!F8)),"[Enter IP]") | G8: 514 | H8: TCP/UDP | I8: Syslog remote logging | J8: Allow | K8: Gateway FW | L8: Outbound
A9: MF-06 | B9: vCenter → VOL (syslog TLS) | C9: vCenter Server | D9: =IFERROR(IF('📋 IP Input Sheet'!D13<>"",'📋 IP Input Sheet'!D13,IF('📋 IP Input Sheet'!E13<>"",'📋 IP Input Sheet'!E13,'📋 IP Input Sheet'!F13)),"[Enter IP]") | E9: VCF Operations for Logs | F9: =IFERROR(IF('📋 IP Input Sheet'!D8<>"",'📋 IP Input Sheet'!D8,IF('📋 IP Input Sheet'!E8<>"",'📋 IP Input Sheet'!E8,'📋 IP Input Sheet'!F8)),"[Enter IP]") | G9: 1514 | H9: TCP | I9: Syslog over TLS | J9: Allow | K9: Gateway FW | L9: Outbound
A10: MF-07 | B10: vCenter → VON (IPFIX) | C10: vCenter Server | D10: =IFERROR(IF('📋 IP Input Sheet'!D13<>"",'📋 IP Input Sheet'!D13,IF('📋 IP Input Sheet'!E13<>"",'📋 IP Input Sheet'!E13,'📋 IP Input Sheet'!F13)),"[Enter IP]") | E10: VCF Ops for Networks | F10: =IFERROR(IF('📋 IP Input Sheet'!D9<>"",'📋 IP Input Sheet'!D9,IF('📋 IP Input Sheet'!E9<>"",'📋 IP Input Sheet'!E9,'📋 IP Input Sheet'!F9)),"[Enter IP]") | G10: 2055 | H10: UDP | I10: IPFIX flow data vDS→NSX | J10: Allow | K10: Gateway FW | L10: Outbound | M10: vDS distributed switches send IPFIX
A11: MF-08 | B11: NSX Manager → VCFO (API) | C11: NSX Manager | D11: =IFERROR(IF('📋 IP Input Sheet'!D14<>"",'📋 IP Input Sheet'!D14,IF('📋 IP Input Sheet'!E14<>"",'📋 IP Input Sheet'!E14,'📋 IP Input Sheet'!F14)),"[Enter IP]") | E11: VCF Operations (VCFO) | F11: =IFERROR(IF('📋 IP Input Sheet'!D6<>"",'📋 IP Input Sheet'!D6,IF('📋 IP Input Sheet'!E6<>"",'📋 IP Input Sheet'!E6,'📋 IP Input Sheet'!F6)),"[Enter IP]") | G11: 443 | H11: TCP | I11: API/inventory collection | J11: Allow | K11: Gateway FW | L11: Outbound
A12: MF-09 | B12: NSX Mgr → VOL (syslog) | C12: NSX Manager | D12: =IFERROR(IF('📋 IP Input Sheet'!D14<>"",'📋 IP Input Sheet'!D14,IF('📋 IP Input Sheet'!E14<>"",'📋 IP Input Sheet'!E14,'📋 IP Input Sheet'!F14)),"[Enter IP]") | E12: VCF Operations for Logs | F12: =IFERROR(IF('📋 IP Input Sheet'!D8<>"",'📋 IP Input Sheet'!D8,IF('📋 IP Input Sheet'!E8<>"",'📋 IP Input Sheet'!E8,'📋 IP Input Sheet'!F8)),"[Enter IP]") | G12: 514 | H12: TCP/UDP | I12: NSX node syslog | J12: Allow | K12: Gateway FW | L12: Outbound
A13: MF-10 | B13: NSX Mgr → VOL (syslog TLS) | C13: NSX Manager | D13: =IFERROR(IF('📋 IP Input Sheet'!D14<>"",'📋 IP Input Sheet'!D14,IF('📋 IP Input Sheet'!E14<>"",'📋 IP Input Sheet'!E14,'📋 IP Input Sheet'!F14)),"[Enter IP]") | E13: VCF Operations for Logs | F13: =IFERROR(IF('📋 IP Input Sheet'!D8<>"",'📋 IP Input Sheet'!D8,IF('📋 IP Input Sheet'!E8<>"",'📋 IP Input Sheet'!E8,'📋 IP Input Sheet'!F8)),"[Enter IP]") | G13: 6514 | H13: TCP | I13: Syslog over TLS | J13: Allow | K13: Gateway FW | L13: Outbound
A14: MF-11 | B14: SDDC Mgr → Fleet Mgr (HTTPS) | C14: SDDC Manager | D14: =IFERROR(IF('📋 IP Input Sheet'!D16<>"",'📋 IP Input Sheet'!D16,IF('📋 IP Input Sheet'!E16<>"",'📋 IP Input Sheet'!E16,'📋 IP Input Sheet'!F16)),"[Enter IP]") | E14: VCF Ops Fleet Manager | F14: =IFERROR(IF('📋 IP Input Sheet'!D5<>"",'📋 IP Input Sheet'!D5,IF('📋 IP Input Sheet'!E5<>"",'📋 IP Input Sheet'!E5,'📋 IP Input Sheet'!F5)),"[Enter IP]") | G14: 443 | H14: TCP | I14: HTTPS+API — fleet orchestration | J14: Allow | K14: Gateway FW | L14: Outbound
A15: MF-12 | B15: SDDC Mgr → Fleet Mgr (SSH) | C15: SDDC Manager | D15: =IFERROR(IF('📋 IP Input Sheet'!D16<>"",'📋 IP Input Sheet'!D16,IF('📋 IP Input Sheet'!E16<>"",'📋 IP Input Sheet'!E16,'📋 IP Input Sheet'!F16)),"[Enter IP]") | E15: VCF Ops Fleet Manager | F15: =IFERROR(IF('📋 IP Input Sheet'!D5<>"",'📋 IP Input Sheet'!D5,IF('📋 IP Input Sheet'!E5<>"",'📋 IP Input Sheet'!E5,'📋 IP Input Sheet'!F5)),"[Enter IP]") | G15: 22 | H15: TCP | I15: SSH — deployment+troubleshooting | J15: Allow | K15: Gateway FW | L15: Outbound | M15: Admin — restrict to jump host
A16: MF-13 | B16: SDDC Mgr → VCFA (HTTPS) | C16: SDDC Manager | D16: =IFERROR(IF('📋 IP Input Sheet'!D16<>"",'📋 IP Input Sheet'!D16,IF('📋 IP Input Sheet'!E16<>"",'📋 IP Input Sheet'!E16,'📋 IP Input Sheet'!F16)),"[Enter IP]") | E16: VCF Automation (VCFA) | F16: =IFERROR(IF('📋 IP Input Sheet'!D7<>"",'📋 IP Input Sheet'!D7,IF('📋 IP Input Sheet'!E7<>"",'📋 IP Input Sheet'!E7,'📋 IP Input Sheet'!F7)),"[Enter IP]") | G16: 443 | H16: TCP | I16: API access management | J16: Allow | K16: Gateway FW | L16: Outbound
A17: MF-14 | B17: SDDC Mgr → VCFA (SSH) | C17: SDDC Manager | D17: =IFERROR(IF('📋 IP Input Sheet'!D16<>"",'📋 IP Input Sheet'!D16,IF('📋 IP Input Sheet'!E16<>"",'📋 IP Input Sheet'!E16,'📋 IP Input Sheet'!F16)),"[Enter IP]") | E17: VCF Automation (VCFA) | F17: =IFERROR(IF('📋 IP Input Sheet'!D7<>"",'📋 IP Input Sheet'!D7,IF('📋 IP Input Sheet'!E7<>"",'📋 IP Input Sheet'!E7,'📋 IP Input Sheet'!F7)),"[Enter IP]") | G17: 22 | H17: TCP | I17: SSH cluster nodes | J17: Allow | K17: Gateway FW | L17: Outbound | M17: Admin — restrict to jump host
A18: MF-15 | B18: SDDC Mgr → VCFO (HTTPS) | C18: SDDC Manager | D18: =IFERROR(IF('📋 IP Input Sheet'!D16<>"",'📋 IP Input Sheet'!D16,IF('📋 IP Input Sheet'!E16<>"",'📋 IP Input Sheet'!E16,'📋 IP Input Sheet'!F16)),"[Enter IP]") | E18: VCF Operations (VCFO) | F18: =IFERROR(IF('📋 IP Input Sheet'!D6<>"",'📋 IP Input Sheet'!D6,IF('📋 IP Input Sheet'!E6<>"",'📋 IP Input Sheet'!E6,'📋 IP Input Sheet'!F6)),"[Enter IP]") | G18: 443 | H18: TCP | I18: API access cluster+nodes | J18: Allow | K18: Gateway FW | L18: Outbound
A19: MF-16 | B19: SDDC Mgr → VCFO (SSH) | C19: SDDC Manager | D19: =IFERROR(IF('📋 IP Input Sheet'!D16<>"",'📋 IP Input Sheet'!D16,IF('📋 IP Input Sheet'!E16<>"",'📋 IP Input Sheet'!E16,'📋 IP Input Sheet'!F16)),"[Enter IP]") | E19: VCF Operations (VCFO) | F19: =IFERROR(IF('📋 IP Input Sheet'!D6<>"",'📋 IP Input Sheet'!D6,IF('📋 IP Input Sheet'!E6<>"",'📋 IP Input Sheet'!E6,'📋 IP Input Sheet'!F6)),"[Enter IP]") | G19: 22 | H19: TCP | I19: SSH cluster+collector nodes | J19: Allow | K19: Gateway FW | L19: Outbound | M19: Admin — restrict to jump host
A20: MF-17 | B20: SDDC Mgr → VOL (syslog) | C20: SDDC Manager | D20: =IFERROR(IF('📋 IP Input Sheet'!D16<>"",'📋 IP Input Sheet'!D16,IF('📋 IP Input Sheet'!E16<>"",'📋 IP Input Sheet'!E16,'📋 IP Input Sheet'!F16)),"[Enter IP]") | E20: VCF Operations for Logs | F20: =IFERROR(IF('📋 IP Input Sheet'!D8<>"",'📋 IP Input Sheet'!D8,IF('📋 IP Input Sheet'!E8<>"",'📋 IP Input Sheet'!E8,'📋 IP Input Sheet'!F8)),"[Enter IP]") | G20: 514 | H20: TCP | I20: Syslog based logging | J20: Allow | K20: Gateway FW | L20: Outbound
A21: MF-18 | B21: SDDC Mgr → VOL (9000) | C21: SDDC Manager | D21: =IFERROR(IF('📋 IP Input Sheet'!D16<>"",'📋 IP Input Sheet'!D16,IF('📋 IP Input Sheet'!E16<>"",'📋 IP Input Sheet'!E16,'📋 IP Input Sheet'!F16)),"[Enter IP]") | E21: VCF Operations for Logs | F21: =IFERROR(IF('📋 IP Input Sheet'!D8<>"",'📋 IP Input Sheet'!D8,IF('📋 IP Input Sheet'!E8<>"",'📋 IP Input Sheet'!E8,'📋 IP Input Sheet'!F8)),"[Enter IP]") | G21: 9000 | H21: TCP | I21: Log ingestion API CFAPI unencrypted | J21: Allow | K21: Gateway FW | L21: Outbound
A22: MF-19 | B22: SDDC Mgr → VOL (HTTPS) | C22: SDDC Manager | D22: =IFERROR(IF('📋 IP Input Sheet'!D16<>"",'📋 IP Input Sheet'!D16,IF('📋 IP Input Sheet'!E16<>"",'📋 IP Input Sheet'!E16,'📋 IP Input Sheet'!F16)),"[Enter IP]") | E22: VCF Operations for Logs | F22: =IFERROR(IF('📋 IP Input Sheet'!D8<>"",'📋 IP Input Sheet'!D8,IF('📋 IP Input Sheet'!E8<>"",'📋 IP Input Sheet'!E8,'📋 IP Input Sheet'!F8)),"[Enter IP]") | G22: 443 | H22: TCP | I22: Logs cluster VIP+nodes | J22: Allow | K22: Gateway FW | L22: Outbound
A23: MF-20 | B23: SDDC Mgr → VOL (9543) | C23: SDDC Manager | D23: =IFERROR(IF('📋 IP Input Sheet'!D16<>"",'📋 IP Input Sheet'!D16,IF('📋 IP Input Sheet'!E16<>"",'📋 IP Input Sheet'!E16,'📋 IP Input Sheet'!F16)),"[Enter IP]") | E23: VCF Operations for Logs | F23: =IFERROR(IF('📋 IP Input Sheet'!D8<>"",'📋 IP Input Sheet'!D8,IF('📋 IP Input Sheet'!E8<>"",'📋 IP Input Sheet'!E8,'📋 IP Input Sheet'!F8)),"[Enter IP]") | G23: 9543 | H23: TCP | I23: API access management ops | J23: Allow | K23: Gateway FW | L23: Outbound
A24: MF-21 | B24: SDDC Mgr → VIDB (HTTPS) | C24: SDDC Manager | D24: =IFERROR(IF('📋 IP Input Sheet'!D16<>"",'📋 IP Input Sheet'!D16,IF('📋 IP Input Sheet'!E16<>"",'📋 IP Input Sheet'!E16,'📋 IP Input Sheet'!F16)),"[Enter IP]") | E24: Identity Broker (VIDB) | F24: =IFERROR(IF('📋 IP Input Sheet'!D10<>"",'📋 IP Input Sheet'!D10,IF('📋 IP Input Sheet'!E10<>"",'📋 IP Input Sheet'!E10,'📋 IP Input Sheet'!F10)),"[Enter IP]") | G24: 443 | H24: TCP | I24: VCF SSO API — SDDC Mgr auth | J24: Allow | K24: Gateway FW | L24: Outbound | M24: Critical — SSO dependency
A25: MF-22 | B25: SDDC Mgr → VIDB (SSH) | C25: SDDC Manager | D25: =IFERROR(IF('📋 IP Input Sheet'!D16<>"",'📋 IP Input Sheet'!D16,IF('📋 IP Input Sheet'!E16<>"",'📋 IP Input Sheet'!E16,'📋 IP Input Sheet'!F16)),"[Enter IP]") | E25: Identity Broker (VIDB) | F25: =IFERROR(IF('📋 IP Input Sheet'!D10<>"",'📋 IP Input Sheet'!D10,IF('📋 IP Input Sheet'!E10<>"",'📋 IP Input Sheet'!E10,'📋 IP Input Sheet'!F10)),"[Enter IP]") | G25: 22 | H25: TCP | I25: SSH SSO bringup ops | J25: Allow | K25: Gateway FW | L25: Outbound | M25: Admin — restrict to jump host
A26: MF-23 | B26: ESXi → VOL (syslog) | C26: ESXi Hosts (WLD) | D26: =IFERROR(IF('📋 IP Input Sheet'!D20<>"",'📋 IP Input Sheet'!D20,IF('📋 IP Input Sheet'!E20<>"",'📋 IP Input Sheet'!E20,'📋 IP Input Sheet'!F20)),"[Enter IP]") | E26: VCF Operations for Logs | F26: =IFERROR(IF('📋 IP Input Sheet'!D8<>"",'📋 IP Input Sheet'!D8,IF('📋 IP Input Sheet'!E8<>"",'📋 IP Input Sheet'!E8,'📋 IP Input Sheet'!F8)),"[Enter IP]") | G26: 514 | H26: TCP/UDP | I26: vSphere host syslog to VOL | J26: Allow | K26: Gateway FW | L26: Outbound | M26: Ticket req #4 — ESXi→Fleet
A27: MF-24 | B27: ESXi → VOL (syslog TLS) | C27: ESXi Hosts (WLD) | D27: =IFERROR(IF('📋 IP Input Sheet'!D20<>"",'📋 IP Input Sheet'!D20,IF('📋 IP Input Sheet'!E20<>"",'📋 IP Input Sheet'!E20,'📋 IP Input Sheet'!F20)),"[Enter IP]") | E27: VCF Operations for Logs | F27: =IFERROR(IF('📋 IP Input Sheet'!D8<>"",'📋 IP Input Sheet'!D8,IF('📋 IP Input Sheet'!E8<>"",'📋 IP Input Sheet'!E8,'📋 IP Input Sheet'!F8)),"[Enter IP]") | G27: 1514 | H27: TCP | I27: Secure syslog over TLS | J27: Allow | K27: Gateway FW | L27: Outbound
A28: MF-25 | B28: ESXi → VON (IPFIX) | C28: ESXi Hosts (WLD) | D28: =IFERROR(IF('📋 IP Input Sheet'!D20<>"",'📋 IP Input Sheet'!D20,IF('📋 IP Input Sheet'!E20<>"",'📋 IP Input Sheet'!E20,'📋 IP Input Sheet'!F20)),"[Enter IP]") | E28: VCF Ops for Networks | F28: =IFERROR(IF('📋 IP Input Sheet'!D9<>"",'📋 IP Input Sheet'!D9,IF('📋 IP Input Sheet'!E9<>"",'📋 IP Input Sheet'!E9,'📋 IP Input Sheet'!F9)),"[Enter IP]") | G28: 4739 | H28: TCP/UDP | I28: IPFIX flow export from ESXi | J28: Allow | K28: Gateway FW | L28: Outbound
A29: MF-26 | B29: ESXi (Mgmt) → VOL (syslog) | C29: ESXi Hosts (Mgmt Domain) | D29: =IFERROR(IF('📋 IP Input Sheet'!D18<>"",'📋 IP Input Sheet'!D18,IF('📋 IP Input Sheet'!E18<>"",'📋 IP Input Sheet'!E18,'📋 IP Input Sheet'!F18)),"[Enter IP]") | E29: VCF Operations for Logs | F29: =IFERROR(IF('📋 IP Input Sheet'!D8<>"",'📋 IP Input Sheet'!D8,IF('📋 IP Input Sheet'!E8<>"",'📋 IP Input Sheet'!E8,'📋 IP Input Sheet'!F8)),"[Enter IP]") | G29: 514 | H29: TCP/UDP | I29: Mgmt domain ESXi syslog | J29: Allow | K29: Gateway FW | L29: Outbound
A30: MF-27 | B30: ESXi (Mgmt) → VOL (TLS) | C30: ESXi Hosts (Mgmt Domain) | D30: =IFERROR(IF('📋 IP Input Sheet'!D18<>"",'📋 IP Input Sheet'!D18,IF('📋 IP Input Sheet'!E18<>"",'📋 IP Input Sheet'!E18,'📋 IP Input Sheet'!F18)),"[Enter IP]") | E30: VCF Operations for Logs | F30: =IFERROR(IF('📋 IP Input Sheet'!D8<>"",'📋 IP Input Sheet'!D8,IF('📋 IP Input Sheet'!E8<>"",'📋 IP Input Sheet'!E8,'📋 IP Input Sheet'!F8)),"[Enter IP]") | G30: 1514 | H30: TCP | I30: Secure syslog TLS | J30: Allow | K30: Gateway FW | L30: Outbound
A31: MF-28 | B31: ICMP All → Fleet (reachability) | C31: All Mgmt Domain Components | D31: [All Mgmt IPs] | E31: All Fleet Components | F31: [All Fleet IPs] | G31: ICMP | H31: ICMP | I31: IP reachability — ping/traceroute | J31: Allow | K31: Gateway FW | L31: Bidirectional | M31: ALL Fleet-level & VCF instance-level — mandatory

Sheet 🌐 Fleet → External
A1: AES-220 | Firewall Rules | Fleet → External Services
A2: Source IP and Destination IP auto-populate from '📋 IP Input Sheet'. Fill in IPs there first.
A3: # | B3: Rule Name | C3: Source Component | D3: Source IP / Subnet | E3: Destination Component | F3: Destination IP / Subnet | G3: Port | H3: Protocol | I3: Service / Application | J3: Action | K3: Firewall Type | L3: Flow Direction | M3: Notes
A4: EX-01 | B4: Fleet Mgr → DNS | C4: VCF Operations Fleet Manager | D4: =IFERROR(IF('📋 IP Input Sheet'!D5<>"",'📋 IP Input Sheet'!D5,IF('📋 IP Input Sheet'!E5<>"",'📋 IP Input Sheet'!E5,'📋 IP Input Sheet'!F5)),"[Enter IP]") | E4: DNS Server | F4: ='📋 IP Input Sheet'!D24 | G4: 53 | H4: TCP/UDP | I4: Name resolution | J4: Allow | K4: Gateway FW | L4: Bidirectional | M4: All Fleet+VCF components
A5: EX-02 | B5: Fleet Mgr → NTP | C5: VCF Operations Fleet Manager | D5: =IFERROR(IF('📋 IP Input Sheet'!D5<>"",'📋 IP Input Sheet'!D5,IF('📋 IP Input Sheet'!E5<>"",'📋 IP Input Sheet'!E5,'📋 IP Input Sheet'!F5)),"[Enter IP]") | E5: NTP Server | F5: ='📋 IP Input Sheet'!D25 | G5: 123 | H5: UDP | I5: Time sync | J5: Allow | K5: Gateway FW | L5: Outbound
A6: EX-03 | B6: VCFO → DNS | C6: VCF Operations (VCFO) | D6: =IFERROR(IF('📋 IP Input Sheet'!D6<>"",'📋 IP Input Sheet'!D6,IF('📋 IP Input Sheet'!E6<>"",'📋 IP Input Sheet'!E6,'📋 IP Input Sheet'!F6)),"[Enter IP]") | E6: DNS Server | F6: ='📋 IP Input Sheet'!D24 | G6: 53 | H6: TCP/UDP | I6: DNS | J6: Allow | K6: Gateway FW | L6: Outbound | M6: Primary/Replica/Data nodes
A7: EX-04 | B7: VCFO → NTP | C7: VCF Operations (VCFO) | D7: =IFERROR(IF('📋 IP Input Sheet'!D6<>"",'📋 IP Input Sheet'!D6,IF('📋 IP Input Sheet'!E6<>"",'📋 IP Input Sheet'!E6,'📋 IP Input Sheet'!F6)),"[Enter IP]") | E7: NTP Server | F7: ='📋 IP Input Sheet'!D25 | G7: 123 | H7: UDP | I7: Time sync | J7: Allow | K7: Gateway FW | L7: Outbound
A8: EX-05 | B8: VCFO → LDAP | C8: VCF Operations (VCFO) | D8: =IFERROR(IF('📋 IP Input Sheet'!D6<>"",'📋 IP Input Sheet'!D6,IF('📋 IP Input Sheet'!E6<>"",'📋 IP Input Sheet'!E6,'📋 IP Input Sheet'!F6)),"[Enter IP]") | E8: AD/LDAP Server | F8: ='📋 IP Input Sheet'!D26 | G8: 389 | H8: TCP | I8: LDAP directory | J8: Allow | K8: Gateway FW | L8: Outbound
A9: EX-06 | B9: VCFO → LDAPS | C9: VCF Operations (VCFO) | D9: =IFERROR(IF('📋 IP Input Sheet'!D6<>"",'📋 IP Input Sheet'!D6,IF('📋 IP Input Sheet'!E6<>"",'📋 IP Input Sheet'!E6,'📋 IP Input Sheet'!F6)),"[Enter IP]") | E9: AD/LDAP Server | F9: ='📋 IP Input Sheet'!D26 | G9: 636 | H9: TCP | I9: Secure LDAP | J9: Allow | K9: Gateway FW | L9: Outbound
A10: EX-07 | B10: VCFO → Global Catalog | C10: VCF Operations (VCFO) | D10: =IFERROR(IF('📋 IP Input Sheet'!D6<>"",'📋 IP Input Sheet'!D6,IF('📋 IP Input Sheet'!E6<>"",'📋 IP Input Sheet'!E6,'📋 IP Input Sheet'!F6)),"[Enter IP]") | E10: AD/LDAP Server | F10: ='📋 IP Input Sheet'!D26 | G10: 3268/3269 | H10: TCP | I10: Global Catalog | J10: Allow | K10: Gateway FW | L10: Outbound
A11: EX-08 | B11: VCFO → SFTP | C11: VCF Operations (VCFO) | D11: =IFERROR(IF('📋 IP Input Sheet'!D6<>"",'📋 IP Input Sheet'!D6,IF('📋 IP Input Sheet'!E6<>"",'📋 IP Input Sheet'!E6,'📋 IP Input Sheet'!F6)),"[Enter IP]") | E11: SFTP Server | F11: ='📋 IP Input Sheet'!D28 | G11: 22 | H11: TCP | I11: External backup — NOT primary | J11: Allow | K11: Gateway FW | L11: Outbound | M11: VCF Ops does NOT use SFTP for primary backup
A12: EX-09 | B12: VIDB → LDAP | C12: Identity Broker (VIDB) | D12: =IFERROR(IF('📋 IP Input Sheet'!D10<>"",'📋 IP Input Sheet'!D10,IF('📋 IP Input Sheet'!E10<>"",'📋 IP Input Sheet'!E10,'📋 IP Input Sheet'!F10)),"[Enter IP]") | E12: AD/LDAP Server | F12: ='📋 IP Input Sheet'!D26 | G12: 389 | H12: TCP/UDP | I12: Directory lookups | J12: Allow | K12: Gateway FW | L12: Outbound | M12: Identity Broker→AD
A13: EX-10 | B13: VIDB → Secure LDAP | C13: Identity Broker (VIDB) | D13: =IFERROR(IF('📋 IP Input Sheet'!D10<>"",'📋 IP Input Sheet'!D10,IF('📋 IP Input Sheet'!E10<>"",'📋 IP Input Sheet'!E10,'📋 IP Input Sheet'!F10)),"[Enter IP]") | E13: AD/LDAP Server | F13: ='📋 IP Input Sheet'!D26 | G13: 636 | H13: TCP | I13: Secure LDAP | J13: Allow | K13: Gateway FW | L13: Outbound
A14: EX-11 | B14: VIDB → IdP Federation | C14: Identity Broker (VIDB) | D14: =IFERROR(IF('📋 IP Input Sheet'!D10<>"",'📋 IP Input Sheet'!D10,IF('📋 IP Input Sheet'!E10<>"",'📋 IP Input Sheet'!E10,'📋 IP Input Sheet'!F10)),"[Enter IP]") | E14: IdP Federation Endpoint | F14: [External IP] | G14: 443 | H14: TCP | I14: SAML/OIDC/Okta/Ping/Entra ID | J14: Allow | K14: Gateway FW | L14: Outbound | M14: External IdP — confirm IP with AMEX security team
A15: EX-12 | B15: VIDB → DNS | C15: Identity Broker (VIDB) | D15: =IFERROR(IF('📋 IP Input Sheet'!D10<>"",'📋 IP Input Sheet'!D10,IF('📋 IP Input Sheet'!E10<>"",'📋 IP Input Sheet'!E10,'📋 IP Input Sheet'!F10)),"[Enter IP]") | E15: DNS Server | F15: ='📋 IP Input Sheet'!D24 | G15: 53 | H15: TCP/UDP | I15: FQDN resolution for vCenter/NSX/SDDC | J15: Allow | K15: Gateway FW | L15: Outbound
A16: EX-13 | B16: VIDB → NTP | C16: Identity Broker (VIDB) | D16: =IFERROR(IF('📋 IP Input Sheet'!D10<>"",'📋 IP Input Sheet'!D10,IF('📋 IP Input Sheet'!E10<>"",'📋 IP Input Sheet'!E10,'📋 IP Input Sheet'!F10)),"[Enter IP]") | E16: NTP Server | F16: ='📋 IP Input Sheet'!D25 | G16: 123 | H16: UDP | I16: Time sync | J16: Allow | K16: Gateway FW | L16: Outbound
A17: EX-14 | B17: VIDB → SFTP | C17: Identity Broker (VIDB) | D17: =IFERROR(IF('📋 IP Input Sheet'!D10<>"",'📋 IP Input Sheet'!D10,IF('📋 IP Input Sheet'!E10<>"",'📋 IP Input Sheet'!E10,'📋 IP Input Sheet'!F10)),"[Enter IP]") | E17: SFTP Server | F17: ='📋 IP Input Sheet'!D28 | G17: 22 | H17: TCP | I17: External backup via Fleet Mgr | J17: Allow | K17: Gateway FW | L17: Outbound
A18: EX-15 | B18: VIDB → CA Server | C18: Identity Broker (VIDB) | D18: =IFERROR(IF('📋 IP Input Sheet'!D10<>"",'📋 IP Input Sheet'!D10,IF('📋 IP Input Sheet'!E10<>"",'📋 IP Input Sheet'!E10,'📋 IP Input Sheet'!F10)),"[Enter IP]") | E18: CA Certificate Server | F18: ='📋 IP Input Sheet'!D27 | G18: 443 | H18: TCP | I18: SSL certificate — CA | J18: Allow | K18: Gateway FW | L18: Outbound
A19: EX-16 | B19: ICMP — Fleet→External | C19: All Fleet Components | D19: [Fleet IPs] | E19: External Services | F19: [External IP] | G19: ICMP | H19: ICMP | I19: Reachability ping/traceroute | J19: Allow | K19: Gateway FW | L19: Bidirectional | M19: ALL Fleet-level components

Sheet 🗺️ Route Table
A1: AES-220 | Route Table | Fleet ↔ Management Domain ↔ WLD ESXi
A2: Destination subnets auto-populated from '📋 IP Input Sheet'. Next-hop populated once IPs are entered.
A3: # | B3: Destination Network | C3: Subnet / IP | D3: Next Hop | E3: Via Interface | F3: Route Type | G3: Source Component | H3: AZ Scope | I3: Notes
A4: RT-01 | B4: Fleet Overlay Segment | C4: ='📋 IP Input Sheet'!D11 | D4: T0 Gateway (per AZ) | E4: NSX Overlay | F4: Static/NSX | G4: All Fleet Components | H4: AZ1/2/3 | I4: NSX overlay — depends on Edge/T0 health
A5: RT-02 | B5: VCF Ops Fleet Manager | C5: ='📋 IP Input Sheet'!D5 | D5: T0 Gateway (per AZ) | E5: NSX Overlay | F5: NSX Overlay | G5: VCF Operations Fleet Manager | H5: AZ1/2/3 | I5: Fleet segment — overlay routed
A6: RT-03 | B6: VCF Operations (VCFO) | C6: ='📋 IP Input Sheet'!D6 | D6: T0 Gateway (per AZ) | E6: NSX Overlay | F6: NSX Overlay | G6: VCF Operations | H6: AZ1/2/3 | I6: Fleet segment
A7: RT-04 | B7: VCF Automation (VCFA) | C7: ='📋 IP Input Sheet'!D7 | D7: T0 Gateway (per AZ) | E7: NSX Overlay | F7: NSX Overlay | G7: VCF Automation | H7: AZ1/2/3 | I7: Fleet segment
A8: RT-05 | B8: VCF Ops for Logs (VOL) | C8: ='📋 IP Input Sheet'!D8 | D8: T0 Gateway (per AZ) | E8: NSX Overlay | F8: NSX Overlay | G8: VCF Operations for Logs | H8: AZ1/2/3 | I8: Fleet segment
A9: RT-06 | B9: VCF Ops for Networks (VON) | C9: ='📋 IP Input Sheet'!D9 | D9: T0 Gateway (per AZ) | E9: NSX Overlay | F9: NSX Overlay | G9: VCF Ops for Networks | H9: AZ1/2/3 | I9: Fleet segment
A10: RT-07 | B10: Identity Broker (VIDB) | C10: ='📋 IP Input Sheet'!D10 | D10: T0 Gateway (per AZ) | E10: NSX Overlay | F10: NSX Overlay | G10: Identity Broker | H10: AZ1/2/3 | I10: Fleet segment — SSO critical path
A11: RT-08 | B11: VM Management (VLAN 2600) | C11: ='📋 IP Input Sheet'!D13 | D11: ToR Switch (per AZ) | E11: VLAN 2600 | F11: VLAN/Static | G11: vCenter/NSX Mgr/SDDC Mgr | H11: AZ1/2/3 | I11: VLAN-backed — direct physical, no NSX dependency
A12: RT-09 | B12: vCenter Server | C12: ='📋 IP Input Sheet'!D13 | D12: ToR Switch (per AZ) | E12: VLAN 2600 | F12: Static | G12: vCenter Server | H12: AZ1/2/3
A13: RT-10 | B13: NSX Manager | C13: ='📋 IP Input Sheet'!D14 | D13: ToR Switch (per AZ) | E13: VLAN 2600 | F13: Static | G13: NSX Manager | H13: AZ1/2/3
A14: RT-11 | B14: SDDC Manager | C14: ='📋 IP Input Sheet'!D16 | D14: ToR Switch (per AZ) | E14: VLAN 2600 | F14: Static | G14: SDDC Manager | H14: AZ1/2/3
A15: RT-12 | B15: ESXi Mgmt — WLD | C15: ='📋 IP Input Sheet'!D20 | D15: ToR Switch (per AZ) | E15: vDSW01 VM Mgmt PG | F15: Static | G15: ESXi Hosts WLD | H15: AZ1/2/3 | I15: WLD cluster hosts
A16: RT-13 | B16: ESXi Mgmt — Mgmt Domain | C16: ='📋 IP Input Sheet'!D18 | D16: ToR Switch (per AZ) | E16: vDSM01 VM Mgmt PG | F16: Static | G16: ESXi Hosts Mgmt | H16: AZ1/2/3 | I16: Mgmt domain cluster hosts
A17: RT-14 | B17: Workload Ext Subnet | C17: ='📋 IP Input Sheet'!D21 | D17: T0 Gateway (per AZ) | E17: NSX Edge / Uplink | F17: BGP Advertised | G17: Avi VIPs / WLD external | H17: AZ1/2/3 | I17: VIP subnet — BGP advertised via Edge to ToR
A18: RT-15 | B18: DNS Server | C18: ='📋 IP Input Sheet'!D24 | D18: Edge Node → ToR | E18: Uplink VLAN | F18: Static | G18: All components | H18: DC-wide | I18: Outbound via Edge N-S path
A19: RT-16 | B19: NTP Server | C19: ='📋 IP Input Sheet'!D25 | D19: Edge Node → ToR | E19: Uplink VLAN | F19: Static | G19: All components | H19: DC-wide
A20: RT-17 | B20: AD/LDAP Server | C20: ='📋 IP Input Sheet'!D26 | D20: Edge Node → ToR | E20: Uplink VLAN | F20: Static | G20: Fleet+Mgmt components | H20: DC-wide
A21: RT-18 | B21: CA Certificate Server | C21: ='📋 IP Input Sheet'!D27 | D21: Edge Node → ToR | E21: Uplink VLAN | F21: Static | G21: Fleet+Mgmt components | H21: DC-wide
A22: RT-19 | B22: SFTP Backup Server | C22: ='📋 IP Input Sheet'!D28 | D22: Edge Node → ToR | E22: Uplink VLAN | F22: Static | G22: SDDC Mgr / VCF Ops | H22: DC-wide
A23: RT-20 | B23: Host TEP Subnet | C23: [VLAN TBD] | D23: Physical Fabric | E23: Host TEP VLAN | F23: VLAN | G23: NSX Host TEP | H23: Per AZ | I23: GENEVE encap — MTU must be 1600+
A24: RT-21 | B24: Edge TEP Subnet | C24: VLAN 2603 | D24: Physical Fabric | E24: Edge TEP VLAN | F24: VLAN | G24: NSX Edge TEP | H24: Per AZ | I24: Edge nodes GENEVE tunnels
A25: RT-22 | B25: Remote TEP Subnet | C25: VLAN 2605 | D25: Super Spine | E25: RTEP VLAN | F25: VLAN | G25: Cross-AZ tunnels | H25: DC-wide | I25: Cross-AZ NSX overlay — RTEP
A26: RT-23 | B26: Super Spine | C26: [Physical] | D26: Physical Routing | E26: Uplink 2606/2607/2608/2609 | F26: BGP | G26: All AZs | H26: DC-wide | I26: BGP between Edge nodes and ToR switches

Sheet 📊 Port Summary
A1: AES-220 | Unique Port Reference | All Fleet Firewall Ports Consolidated
A2: Port | B2: Protocol | C2: Service | D2: Used By (Source) | E2: Used By (Destination) | F2: Notes
A3: 22 | B3: TCP | C3: SSH | D3: VCF Installer, SDDC Mgr, Fleet Mgr, VCFA, VCFO | E3: ESXi, SDDC Mgr, Fleet VMs, SFTP | F3: Admin only — restrict to jump host / bastion
A4: 50 | B4: ESP | C4: Encapsulating Security Payload | D4: Identity Broker | E4: ALL | F4: Used by k8s to encapsulate hidden networks — bidirectional
A5: 53 | B5: TCP/UDP | C5: DNS | D5: All Fleet + VCF Components | E5: DNS Servers | F5: Bidirectional — ALL Fleet-level and VCF instance-level
A6: 123 | B6: UDP | C6: NTP | D6: All Fleet + VCF Components | E6: NTP Servers | F6: Time sync — ALL VCF 9 components
A7: 161 | B7: TCP | C7: SNMP | D7: VCF Ops for Networks (VON) | E7: Switches/Routers | F7: SNMP polling physical devices
A8: 389 | B8: TCP/UDP | C8: LDAP | D8: VCF Ops, Identity Broker, vCenter | E8: AD/LDAP Servers | F8: Directory lookups — Active Directory integration
A9: 443 | B9: TCP | C9: HTTPS | D9: All Fleet + Mgmt Components | E9: All Fleet + Mgmt Components | F9: Primary management port — most component comms
A10: 514 | B10: TCP/UDP | C10: Syslog | D10: vCenter, NSX, SDDC, ESXi, VCFA | E10: VCF Ops for Logs (VOL) | F10: Remote syslog — all components log to VOL
A11: 636 | B11: TCP | C11: LDAPS | D11: VCF Ops, Identity Broker, vCenter | E11: AD/LDAP Servers | F11: Secure LDAP
A12: 902 | B12: TCP | C12: Heartbeat / VMRC | D12: vCenter, VCF Automation | E12: ESXi Hosts | F12: Core mgmt comms vCenter↔ESXi + VM console
A13: 1514 | B13: TCP | C13: Syslog over TLS | D13: vCenter, NSX, ESXi, VCFA | E13: VCF Ops for Logs (VOL) | F13: Secure syslog TLS
... A29: ICMP | B29: ICMP | C29: Ping/Traceroute | D29: ALL Fleet + Mgmt Components | E29: ALL Fleet + Mgmt Components | F29: MANDATORY — ALL fleet-level & VCF instance-level components
