Workbook

Sheet IP Input Sheet
A1: AES-220 | IP Address Input Sheet | Enter all IP values here
A2: Fill in the IP/Subnet for each component. All firewall rule tabs will auto-populate.
A3: # | B3: Component / Service | C3: Named Range Key | D3: AZ1 IP / Subnet | E3: AZ2 IP / Subnet | F3: AZ3 IP / Subnet
A4: 🔷 FLEET COMPONENTS (NSX Overlay Segment)
A5: F1 | B5: VCF Operations Fleet Manager | C5: FLEET_MGR | D5: 10.5.25.86 | E5: 10.5.25.86
A6: F2 | B6: VCF Operations (VCFO) | C6: VCFO | D6: 10.5.25.64/26
A7: F3 | B7: VCF Automation (VCFA) | C7: VCFA | D7: 10.5.25.64/26
A8: F4 | B8: VCF Operations for Logs (VOL) | C8: VOL | D8: 10.5.25.64/26
A9: F5 | B9: VCF Operations for Networks (VON) | C9: VON | D9: 10.5.25.64/26
A10: F6 | B10: Identity Broker (VIDB) | C10: VIDB | D10: 10.3.118.0/24 | E10: 10.5.59.0/24
A11: F7 | B11: Fleet Overlay Subnet (overall) | C11: FLEET_SUBNET | D11: 10.5.25.64/26 | E11: 10.5.25.64/26
A12: 🔷 MANAGEMENT DOMAIN COMPONENTS (VLAN 2600 — per AZ)
A13: M1 | B13: vCenter Server | C13: VCENTER | D13: 10.3.118.18 | E13: 10.5.59.4
A14: M2 | B14: NSX Manager (Local) | C14: NSX_MGR | D14: 10.3.118.0/24 | E14: 10.5.59.0/24
A15: M3 | B15: NSX Global Manager | C15: NSX_GM | D15: 10.3.118.0/24 | E15: 10.5.59.0/24
A16: M4 | B16: SDDC Manager | C16: SDDC_MGR | D16: 10.3.118.30 | E16: 10.5.59.30
A17: M5 | B17: VCF Operations Collector | C17: VCFO_COLL | D17: 10.3.118.35 | E17: 10.5.59.35
A18: M6 | B18: ESXi Mgmt Subnet — Mgmt Domain | C18: ESXI_MGMT_MD | D18: 10.3.118.0/24 | E18: 10.5.59.0/24 | F18: 10.5.58.0/24
A19: M7 | B19: VCF OPS for Network Collector | C19: VON_COLL | D19: 10.3.118.101
A20: M8 | B20: VMware Live Recovery (VLR) Appliance — sfoMGMT-1-1-vlsr1.test.net | C20: VLR_MGMT | D20: 192.168.188.1
A21: 🔷 EDGE CLUSTER UPLINKS (per AZ — Edge VM IPs | ToR IPs )
A22: EU1 | B22: Edge 1 — Uplink 1 (VLAN 2606 — Rack 1) | C22: EDGE1_UPL1 | D22: 10.3.111.101 | E22: 10.3.111.231
A23: EU2 | B23: Edge 1 — Uplink 2 (VLAN 2607 — Rack 1) | C23: EDGE1_UPL2 | D23: 10.3.111.121 | E23: 10.3.111.241
A24: EU3 | B24: Edge 2 — Uplink 1 (VLAN 2606 — Rack 1) | C24: EDGE2_UPL1 | D24: 10.3.111.102 | E24: 10.3.111.232
A25: EU4 | B25: Edge 2 — Uplink 2 (VLAN 2607 — Rack 1) | C25: EDGE2_UPL2 | D25: 10.3.111.122 | E25: 10.3.111.242
A26: EU5 | B26: Edge 3 — Uplink 1 (VLAN 2608 — Rack 2) | C26: EDGE3_UPL1 | D26: 10.3.111.133 | E26: 10.5.25.13
A27: EU6 | B27: Edge 3 — Uplink 2 (VLAN 2609 — Rack 2) | C27: EDGE3_UPL2 | D27: 10.3.111.153 | E27: 10.5.25.23
A28: EU7 | B28: Edge 4 — Uplink 1 (VLAN 2608 — Rack 2) | C28: EDGE4_UPL1 | D28: 10.3.111.134 | E28: 10.5.25.14
A29: EU8 | B29: Edge 4 — Uplink 2 (VLAN 2609 — Rack 2) | C29: EDGE4_UPL2 | D29: 10.3.111.154 | E29: 10.5.25.24
A30: EU9 | B30: Edge TEP Subnet (VLAN 2603 — intra-AZ HA + GENEVE) | C30: EDGE_TEP | D30: 10.5.236.0/24 | E30: 10.5.248.0/24
A31: EU10 | B31: Remote TEP Subnet (VLAN 2605 — cross-AZ GENEVE) | C31: EDGE_RTEP | D31: 10.5.22.0/24 | E31: 10.5.24.0/24
A32: EU11 | B32: ToR BGP Peer — Rack 1 Uplink 1 (VLAN 2606) | C32: TOR_R1_UPL1 | D32: 10.3.111.97 | E32: 10.3.111.225
A33: EU12 | B33: ToR BGP Peer — Rack 1 Uplink 2 (VLAN 2607) | C33: TOR_R1_UPL2 | D33: 10.3.111.113 | E33: 10.3.111.241
A34: EU13 | B34: ToR BGP Peer — Rack 2 Uplink 1 (VLAN 2608) | C34: TOR_R2_UPL1 | D34: 10.3.111.129 | E34: 10.5.25.1
A35: EU14 | B35: ToR BGP Peer — Rack 2 Uplink 2 (VLAN 2609) | C35: TOR_R2_UPL2
A36: 🔷 EDGE NODE DETAIL (per-node individual IPs — for NSX deployment config, not firewall rules)
A37: EN1_UPL1 | B37: Edge Node 1 — Uplink 1 IP (phxvq1cinflne01.phx.aexp.com) | C37: EN1_UPL1_IP
A38: EN1_UPL2 | B38: Edge Node 1 — Uplink 2 IP (phxvq1cinflne01.phx.aexp.com) | C38: EN1_UPL2_IP
A39: EN1_RTEP | B39: Edge Node 1 — RTEP IP (phxvq1cinflne01.phx.aexp.com) | C39: EN1_RTEP_IP
A40: EN1_ETEP | B40: Edge Node 1 — Edge TEP IP (phxvq1cinflne01.phx.aexp.com) | C40: EN1_ETEP_IP
A41: EN2_UPL1 | B41: Edge Node 2 — Uplink 1 IP (phxvq1cinflne02.phx.aexp.com) | C41: EN2_UPL1_IP
A42: EN2_UPL2 | B42: Edge Node 2 — Uplink 2 IP (phxvq1cinflne02.phx.aexp.com) | C42: EN2_UPL2_IP
A43: EN2_RTEP | B43: Edge Node 2 — RTEP IP (phxvq1cinflne02.phx.aexp.com) | C43: EN2_RTEP_IP
A44: EN2_ETEP | B44: Edge Node 2 — Edge TEP IP (phxvq1cinflne02.phx.aexp.com) | C44: EN2_ETEP_IP
A45: EN3_UPL1 | B45: Edge Node 3 — Uplink 1 IP (phxvq1cinflne03.phx.aexp.com) | C45: EN3_UPL1_IP
A46: EN3_UPL2 | B46: Edge Node 3 — Uplink 2 IP (phxvq1cinflne03.phx.aexp.com) | C46: EN3_UPL2_IP
A47: EN3_RTEP | B47: Edge Node 3 — RTEP IP (phxvq1cinflne03.phx.aexp.com) | C47: EN3_RTEP_IP
A48: EN3_ETEP | B48: Edge Node 3 — Edge TEP IP (phxvq1cinflne03.phx.aexp.com) | C48: EN3_ETEP_IP
... A52: EN4_ETEP | B52: Edge Node 4 — Edge TEP IP (phxvq1cinflne04.phx.aexp.com) | C52: EN4_ETEP_IP
A53: 🔷 WORKLOAD DOMAIN (per AZ)
A54: W1 | B54: ESXi Mgmt Subnet — WLD | C54: ESXI_MGMT_WLD | D54: 10.3.118.0/24
A55: W2 | B55: Workload Ext Subnet | C55: WLD_EXT
A56: W3 | B56: VPC Segment Subnet | C56: VPC_SEG
A57: W4 | B57: vCenter Server (WLD) | C57: VCENTER_WLD
A58: W5 | B58: NSX Manager (WLD) | C58: NSX_MGR_WLD
A59: 🔷 EXTERNAL SERVICES (shared — no AZ split needed)
A60: E1 | B60: DNS Server | C60: DNS_SRV | E60: N/A — shared | F60: N/A — shared
A61: E2 | B61: NTP Server | C61: NTP_SRV | E61: N/A — shared | F61: N/A — shared
A62: E3 | B62: AD / LDAP Server | C62: AD_SRV | E62: N/A — shared | F62: N/A — shared
A63: E4 | B63: CA Certificate Server | C63: CA_SRV | E63: N/A — shared | F63: N/A — shared
A64: E5 | B64: SFTP Backup Server | C64: SFTP_SRV | E64: N/A — shared | F64: N/A — shared
A65: E6 | B65: Artifactory / Depot | C65: ARTIF_SRV | E65: N/A — shared | F65: N/A — shared
A67: LEGEND: | B67: Yellow cells = enter IP/subnet here | C67: Grey = not applicable (shared services) | E67: N/A — shared | F67: N/A — shared
A78: ex: | B78: phxvq1cinflne01.phx.aexp.com | C78: 10.3.118.22
B79: uplink1 | C79: 10.3.111.101
B80: uplink2 | C80: 10.3.111.121
B81: RTEP | C81: 10.5.22.21
B82: edgeTEP | C82: 10.3.69.164
A83: Live Recovery | B83: VM??

Sheet  Fleet → Mgmt+WLD
A1: AES-220 | Firewall Rules | Fleet → Management Domain & WLD ESXi Hosts
A2: Source IP and Destination IP auto-populate from 'IP Input Sheet'. Fill in IPs there first.
A3: # | B3: Rule Name | C3: Source Component | D3: Source IP / Subnet | E3: Destination Component | F3: Destination IP / Subnet | G3: Port | H3: Protocol | I3: Service / Application | J3: Action | K3: Firewall Type | L3: Flow Direction | M3: Notes
A4: FM-01 | B4: Fleet Mgr → SDDC Mgmt | C4: VCF Operations Fleet Manager | D4: =IFERROR(IF('IP Input Sheet'!D5<>"",'IP Input Sheet'!D5,IF('IP Input Sheet'!E5<>"",'IP Input Sheet'!E5,'IP Input Sheet'!F5)),"[Enter IP]") -> 10.5.25.86 | E4: SDDC Manager | F4: =IFERROR(IF('IP Input Sheet'!D16<>"",'IP Input Sheet'!D16,IF('IP Input Sheet'!E16<>"",'IP Input Sheet'!E16,'IP Input Sheet'!F16)),"[Enter IP]") -> 10.3.118.30 | G4: 443 | H4: TCP | I4: Lifecycle Management | J4: Allow | K4: Gateway FW | L4: Outbound | M4: Ticket req #3 — Fleet→Mgmt
A5: FM-02 | B5: Fleet Mgr → VCF Operations | C5: VCF Operations Fleet Manager | D5: =IFERROR(IF('IP Input Sheet'!D5<>"",'IP Input Sheet'!D5,IF('IP Input Sheet'!E5<>"",'IP Input Sheet'!E5,'IP Input Sheet'!F5)),"[Enter IP]") -> 10.5.25.86 | E5: VCF Operations (VCFO) | F5: =IFERROR(IF('IP Input Sheet'!D6<>"",'IP Input Sheet'!D6,IF('IP Input Sheet'!E6<>"",'IP Input Sheet'!E6,'IP Input Sheet'!F6)),"[Enter IP]") -> 10.5.25.64/26 | G5: 443 | H5: TCP | I5: VCF Ops collector metrics | J5: Allow | K5: Gateway FW | L5: Outbound | M5: Bidirectional
A6: FM-03 | B6: Fleet Mgr → vCenter | C6: VCF Operations Fleet Manager | D6: =IFERROR(IF('IP Input Sheet'!D5<>"",'IP Input Sheet'!D5,IF('IP Input Sheet'!E5<>"",'IP Input Sheet'!E5,'IP Input Sheet'!F5)),"[Enter IP]") -> 10.5.25.86 | E6: vCenter Server | F6: =IFERROR(IF('IP Input Sheet'!D13<>"",'IP Input Sheet'!D13,IF('IP Input Sheet'!E13<>"",'IP Input Sheet'!E13,'IP Input Sheet'!F13)),"[Enter IP]") -> 10.3.118.18 | G6: 443 | H6: TCP | I6: vCenter config & mgmt tasks | J6: Allow | K6: Gateway FW | L6: Outbound
A7: FM-04 | B7: Fleet Mgr → NSX Manager | C7: VCF Operations Fleet Manager | D7: =IFERROR(IF('IP Input Sheet'!D5<>"",'IP Input Sheet'!D5,IF('IP Input Sheet'!E5<>"",'IP Input Sheet'!E5,'IP Input Sheet'!F5)),"[Enter IP]") -> 10.5.25.86 | E7: NSX Manager | F7: =IFERROR(IF('IP Input Sheet'!D14<>"",'IP Input Sheet'!D14,IF('IP Input Sheet'!E14<>"",'IP Input Sheet'!E14,'IP Input Sheet'!F14)),"[Enter IP]") -> 10.3.118.0/24 | G7: 443 | H7: TCP | I7: NSX networking & security config | J7: Allow | K7: Gateway FW | L7: Outbound
A8: FM-05 | B8: Fleet Mgr → DNS | C8: VCF Operations Fleet Manager | D8: =IFERROR(IF('IP Input Sheet'!D5<>"",'IP Input Sheet'!D5,IF('IP Input Sheet'!E5<>"",'IP Input Sheet'!E5,'IP Input Sheet'!F5)),"[Enter IP]") -> 10.5.25.86 | E8: DNS Server | F8: ='IP Input Sheet'!D60 | G8: 53 | H8: TCP/UDP | I8: Name resolution | J8: Allow | K8: Gateway FW | L8: Bidirectional | M8: All Fleet+VCF components
A9: FM-06 | B9: Fleet Mgr → NTP | C9: VCF Operations Fleet Manager | D9: =IFERROR(IF('IP Input Sheet'!D5<>"",'IP Input Sheet'!D5,IF('IP Input Sheet'!E5<>"",'IP Input Sheet'!E5,'IP Input Sheet'!F5)),"[Enter IP]") -> 10.5.25.86 | E9: NTP Server | F9: ='IP Input Sheet'!D61 | G9: 123 | H9: UDP | I9: Time synchronisation | J9: Allow | K9: Gateway FW | L9: Outbound
A10: FM-07 | B10: Fleet Mgr → ESXi (HTTPS) | C10: VCF Operations Fleet Manager | D10: =IFERROR(IF('IP Input Sheet'!D5<>"",'IP Input Sheet'!D5,IF('IP Input Sheet'!E5<>"",'IP Input Sheet'!E5,'IP Input Sheet'!F5)),"[Enter IP]") -> 10.5.25.86 | E10: ESXi Hosts (WLD) | F10: =IFERROR(IF('IP Input Sheet'!D54<>"",'IP Input Sheet'!D54,IF('IP Input Sheet'!E54<>"",'IP Input Sheet'!E54,'IP Input Sheet'!F54)),"[Enter IP]") -> 10.3.118.0/24 | G10: 443 | H10: TCP | I10: Secure web services / APIs | J10: Allow | K10: Gateway FW | L10: Outbound
A11: FM-08 | B11: Fleet Mgr → VCFA (SSH) | C11: VCF Operations Fleet Manager | D11: =IFERROR(IF('IP Input Sheet'!D5<>"",'IP Input Sheet'!D5,IF('IP Input Sheet'!E5<>"",'IP Input Sheet'!E5,'IP Input Sheet'!F5)),"[Enter IP]") -> 10.5.25.86 | E11: VCF Automation | F11: =IFERROR(IF('IP Input Sheet'!D7<>"",'IP Input Sheet'!D7,IF('IP Input Sheet'!E7<>"",'IP Input Sheet'!E7,'IP Input Sheet'!F7)),"[Enter IP]") -> 10.5.25.64/26 | G11: 22 | H11: TCP | I11: SSH lifecycle tasks | J11: Allow | K11: Gateway FW | L11: Outbound | M11: Admin restrict to jump host
A12: FM-09 | B12: Fleet Mgr → VCFA+VIDB (6443) | C12: VCF Operations Fleet Manager | D12: =IFERROR(IF('IP Input Sheet'!D5<>"",'IP Input Sheet'!D5,IF('IP Input Sheet'!E5<>"",'IP Input Sheet'!E5,'IP Input Sheet'!F5)),"[Enter IP]") -> 10.5.25.86 | E12: Identity Broker & VCF Automation | F12: =IFERROR(IF('IP Input Sheet'!D7<>"",'IP Input Sheet'!D7,IF('IP Input Sheet'!E7<>"",'IP Input Sheet'!E7,'IP Input Sheet'!F7)),"[Enter IP]") -> 10.5.25.64/26 | G12: 6443 | H12: TCP | I12: Control Plane API (k8s apiserver) | J12: Allow | K12: Gateway FW | L12: Outbound
A13: FM-10 | B13: Fleet Mgr → VCFA+VIDB (30006) | C13: VCF Operations Fleet Manager | D13: =IFERROR(IF('IP Input Sheet'!D5<>"",'IP Input Sheet'!D5,IF('IP Input Sheet'!E5<>"",'IP Input Sheet'!E5,'IP Input Sheet'!F5)),"[Enter IP]") -> 10.5.25.86 | E13: Identity Broker & VCF Automation | F13: =IFERROR(IF('IP Input Sheet'!D7<>"",'IP Input Sheet'!D7,IF('IP Input Sheet'!E7<>"",'IP Input Sheet'!E7,'IP Input Sheet'!F7)),"[Enter IP]") -> 10.5.25.64/26 | G13: 30006 | H13: TCP | I13: Validates VCFA health pre-LCM | J13: Allow | K13: Gateway FW | L13: Outbound
A14: FM-11 | B14: Fleet Mgr → VCFA+VIDB (30005) | C14: VCF Operations Fleet Manager | D14: =IFERROR(IF('IP Input Sheet'!D5<>"",'IP Input Sheet'!D5,IF('IP Input Sheet'!E5<>"",'IP Input Sheet'!E5,'IP Input Sheet'!F5)),"[Enter IP]") -> 10.5.25.86 | E14: Identity Broker & VCF Automation | F14: =IFERROR(IF('IP Input Sheet'!D7<>"",'IP Input Sheet'!D7,IF('IP Input Sheet'!E7<>"",'IP Input Sheet'!E7,'IP Input Sheet'!F7)),"[Enter IP]") -> 10.5.25.64/26 | G14: 30005 | H14: TCP | I14: API calls to VIDB & VCFA | J14: Allow | K14: Gateway FW | L14: Outbound
A15: FM-12 | B15: Fleet Mgr → VCFA+VIDB (30001) | C15: VCF Operations Fleet Manager | D15: =IFERROR(IF('IP Input Sheet'!D5<>"",'IP Input Sheet'!D5,IF('IP Input Sheet'!E5<>"",'IP Input Sheet'!E5,'IP Input Sheet'!F5)),"[Enter IP]") -> 10.5.25.86 | E15: Identity Broker & VCF Automation | F15: =IFERROR(IF('IP Input Sheet'!D7<>"",'IP Input Sheet'!D7,IF('IP Input Sheet'!E7<>"",'IP Input Sheet'!E7,'IP Input Sheet'!F7)),"[Enter IP]") -> 10.5.25.64/26 | G15: 30001 | H15: TCP | I15: Container images (k8s/VKS) | J15: Allow | K15: Gateway FW | L15: Outbound
A16: FM-13 | B16: Fleet Mgr → VCFA+VIDB (30000) | C16: VCF Operations Fleet Manager | D16: =IFERROR(IF('IP Input Sheet'!D5<>"",'IP Input Sheet'!D5,IF('IP Input Sheet'!E5<>"",'IP Input Sheet'!E5,'IP Input Sheet'!F5)),"[Enter IP]") -> 10.5.25.86 | E16: Identity Broker & VCF Automation | F16: =IFERROR(IF('IP Input Sheet'!D7<>"",'IP Input Sheet'!D7,IF('IP Input Sheet'!E7<>"",'IP Input Sheet'!E7,'IP Input Sheet'!F7)),"[Enter IP]") -> 10.5.25.64/26 | G16: 30000 | H16: TCP | I16: Container images (k8s/VKS) | J16: Allow | K16: Gateway FW | L16: Outbound
A17: FM-14 | B17: Fleet Mgr → VCFA health | C17: VCF Operations Fleet Manager | D17: =IFERROR(IF('IP Input Sheet'!D5<>"",'IP Input Sheet'!D5,IF('IP Input Sheet'!E5<>"",'IP Input Sheet'!E5,'IP Input Sheet'!F5)),"[Enter IP]") -> 10.5.25.86 | E17: VCF Automation | F17: =IFERROR(IF('IP Input Sheet'!D7<>"",'IP Input Sheet'!D7,IF('IP Input Sheet'!E7<>"",'IP Input Sheet'!E7,'IP Input Sheet'!F7)),"[Enter IP]") -> 10.5.25.64/26 | G17: 8008 | H17: TCP | I17: Health check monitoring | J17: Allow | K17: Gateway FW | L17: Outbound
A18: VO-01 | B18: VCF Ops → NTP | C18: VCF Operations (VCFO) | D18: =IFERROR(IF('IP Input Sheet'!D6<>"",'IP Input Sheet'!D6,IF('IP Input Sheet'!E6<>"",'IP Input Sheet'!E6,'IP Input Sheet'!F6)),"[Enter IP]") -> 10.5.25.64/26 | E18: NTP Server | F18: ='IP Input Sheet'!D61 | G18: 123 | H18: UDP | I18: Time sync — primary/replica/data nodes | J18: Allow | K18: Gateway FW | L18: Outbound
A19: VO-02 | B19: VCF Ops → DNS | C19: VCF Operations (VCFO) | D19: =IFERROR(IF('IP Input Sheet'!D6<>"",'IP Input Sheet'!D6,IF('IP Input Sheet'!E6<>"",'IP Input Sheet'!E6,'IP Input Sheet'!F6)),"[Enter IP]") -> 10.5.25.64/26 | E19: DNS Server | F19: ='IP Input Sheet'!D60 | G19: 53 | H19: TCP/UDP | I19: DNS resolution | J19: Allow | K19: Gateway FW | L19: Outbound
A20: VO-03 | B20: VCF Ops → LDAP | C20: VCF Operations (VCFO) | D20: =IFERROR(IF('IP Input Sheet'!D6<>"",'IP Input Sheet'!D6,IF('IP Input Sheet'!E6<>"",'IP Input Sheet'!E6,'IP Input Sheet'!F6)),"[Enter IP]") -> 10.5.25.64/26 | E20: AD/LDAP Server | F20: ='IP Input Sheet'!D62 | G20: 389 | H20: TCP | I20: LDAP directory | J20: Allow | K20: Gateway FW | L20: Outbound
A21: VO-04 | B21: VCF Ops → LDAPS | C21: VCF Operations (VCFO) | D21: =IFERROR(IF('IP Input Sheet'!D6<>"",'IP Input Sheet'!D6,IF('IP Input Sheet'!E6<>"",'IP Input Sheet'!E6,'IP Input Sheet'!F6)),"[Enter IP]") -> 10.5.25.64/26 | E21: AD/LDAP Server | F21: ='IP Input Sheet'!D62 | G21: 636 | H21: TCP | I21: LDAPS secure directory | J21: Allow | K21: Gateway FW | L21: Outbound
A22: VO-05 | B22: VCF Ops → Global Catalog | C22: VCF Operations (VCFO) | D22: =IFERROR(IF('IP Input Sheet'!D6<>"",'IP Input Sheet'!D6,IF('IP Input Sheet'!E6<>"",'IP Input Sheet'!E6,'IP Input Sheet'!F6)),"[Enter IP]") -> 10.5.25.64/26 | E22: AD/LDAP Server | F22: ='IP Input Sheet'!D62 | G22: 3268/3269 | H22: TCP | I22: Global Catalog AD | J22: Allow | K22: Gateway FW | L22: Outbound
A23: VO-06 | B23: VCF Ops → SFTP | C23: VCF Operations (VCFO) | D23: =IFERROR(IF('IP Input Sheet'!D6<>"",'IP Input Sheet'!D6,IF('IP Input Sheet'!E6<>"",'IP Input Sheet'!E6,'IP Input Sheet'!F6)),"[Enter IP]") -> 10.5.25.64/26 | E23: SFTP Server | F23: =IFERROR(IF('IP Input Sheet'!D64<>"",'IP Input Sheet'!D64,IF('IP Input Sheet'!E64<>"",'IP Input Sheet'!E64,'IP Input Sheet'!F64)),"[Enter IP]") -> N/A — shared | G23: 22 | H23: TCP | I23: External backup | J23: Allow | K23: Gateway FW | L23: Outbound
A24: VO-07 | B24: VCF Ops → vCenter (inventory) | C24: VCF Operations (VCFO) | D24: =IFERROR(IF('IP Input Sheet'!D6<>"",'IP Input Sheet'!D6,IF('IP Input Sheet'!E6<>"",'IP Input Sheet'!E6,'IP Input Sheet'!F6)),"[Enter IP]") -> 10.5.25.64/26 | E24: vCenter Server | F24: =IFERROR(IF('IP Input Sheet'!D13<>"",'IP Input Sheet'!D13,IF('IP Input Sheet'!E13<>"",'IP Input Sheet'!E13,'IP Input Sheet'!F13)),"[Enter IP]") -> 10.3.118.18 | G24: 10443 | H24: TCP | I24: vCenter inventory service | J24: Allow | K24: Gateway FW | L24: Outbound
A25: VO-08 | B25: VCF Ops → vCenter (HTTPS) | C25: VCF Operations (VCFO) | D25: =IFERROR(IF('IP Input Sheet'!D6<>"",'IP Input Sheet'!D6,IF('IP Input Sheet'!E6<>"",'IP Input Sheet'!E6,'IP Input Sheet'!F6)),"[Enter IP]") -> 10.5.25.64/26 | E25: vCenter Server | F25: =IFERROR(IF('IP Input Sheet'!D13<>"",'IP Input Sheet'!D13,IF('IP Input Sheet'!E13<>"",'IP Input Sheet'!E13,'IP Input Sheet'!F13)),"[Enter IP]") -> 10.3.118.18 | G25: 443 | H25: TCP | I25: HTTPS API comms | J25: Allow | K25: Gateway FW | L25: Outbound
A26: VO-09 | B26: VCF Ops → ESXi | C26: VCF Operations (VCFO) | D26: =IFERROR(IF('IP Input Sheet'!D6<>"",'IP Input Sheet'!D6,IF('IP Input Sheet'!E6<>"",'IP Input Sheet'!E6,'IP Input Sheet'!F6)),"[Enter IP]") -> 10.5.25.64/26 | E26: ESXi Hosts (WLD) | F26: =IFERROR(IF('IP Input Sheet'!D54<>"",'IP Input Sheet'!D54,IF('IP Input Sheet'!E54<>"",'IP Input Sheet'!E54,'IP Input Sheet'!F54)),"[Enter IP]") -> 10.3.118.0/24 | G26: 443 | H26: TCP | I26: Management operations | J26: Allow | K26: Gateway FW | L26: Outbound
A27: VO-10 | B27: VCF Ops → NSX Manager | C27: VCF Operations (VCFO) | D27: =IFERROR(IF('IP Input Sheet'!D6<>"",'IP Input Sheet'!D6,IF('IP Input Sheet'!E6<>"",'IP Input Sheet'!E6,'IP Input Sheet'!F6)),"[Enter IP]") -> 10.5.25.64/26 | E27: NSX Manager | F27: =IFERROR(IF('IP Input Sheet'!D14<>"",'IP Input Sheet'!D14,IF('IP Input Sheet'!E14<>"",'IP Input Sheet'!E14,'IP Input Sheet'!F14)),"[Enter IP]") -> 10.3.118.0/24 | G27: 443 | H27: TCP | I27: NSX API metrics/inventory | J27: Allow | K27: Gateway FW | L27: Outbound
A28: VA-01 | B28: VCF Auto → vCenter | C28: VCF Automation (VCFA) | D28: =IFERROR(IF('IP Input Sheet'!D7<>"",'IP Input Sheet'!D7,IF('IP Input Sheet'!E7<>"",'IP Input Sheet'!E7,'IP Input Sheet'!F7)),"[Enter IP]") -> 10.5.25.64/26 | E28: vCenter Server | F28: =IFERROR(IF('IP Input Sheet'!D13<>"",'IP Input Sheet'!D13,IF('IP Input Sheet'!E13<>"",'IP Input Sheet'!E13,'IP Input Sheet'!F13)),"[Enter IP]") -> 10.3.118.18 | G28: 443 | H28: TCP | I28: API and Web Access — mgmt+API | J28: Allow | K28: Gateway FW | L28: Bidirectional
A29: VA-02 | B29: VCF Auto → ESXi (902) | C29: VCF Automation (VCFA) | D29: =IFERROR(IF('IP Input Sheet'!D7<>"",'IP Input Sheet'!D7,IF('IP Input Sheet'!E7<>"",'IP Input Sheet'!E7,'IP Input Sheet'!F7)),"[Enter IP]") -> 10.5.25.64/26 | E29: ESXi Hosts (WLD) | F29: =IFERROR(IF('IP Input Sheet'!D54<>"",'IP Input Sheet'!D54,IF('IP Input Sheet'!E54<>"",'IP Input Sheet'!E54,'IP Input Sheet'!F54)),"[Enter IP]") -> 10.3.118.0/24 | G29: 902 | H29: TCP | I29: VM Console VMRC/MKS | J29: Allow | K29: Gateway FW | L29: Outbound
A30: VA-03 | B30: VCF Auto → ESXi (443) | C30: VCF Automation (VCFA) | D30: =IFERROR(IF('IP Input Sheet'!D7<>"",'IP Input Sheet'!D7,IF('IP Input Sheet'!E7<>"",'IP Input Sheet'!E7,'IP Input Sheet'!F7)),"[Enter IP]") -> 10.5.25.64/26 | E30: ESXi Hosts (WLD) | F30: =IFERROR(IF('IP Input Sheet'!D54<>"",'IP Input Sheet'!D54,IF('IP Input Sheet'!E54<>"",'IP Input Sheet'!E54,'IP Input Sheet'!F54)),"[Enter IP]") -> 10.3.118.0/24 | G30: 443 | H30: TCP | I30: Web Console | J30: Allow | K30: Gateway FW | L30: Bidirectional
A31: VA-04 | B31: VCF Auto → ESXi (SSH) | C31: VCF Automation (VCFA) | D31: =IFERROR(IF('IP Input Sheet'!D7<>"",'IP Input Sheet'!D7,IF('IP Input Sheet'!E7<>"",'IP Input Sheet'!E7,'IP Input Sheet'!F7)),"[Enter IP]") -> 10.5.25.64/26 | E31: ESXi Hosts (WLD) | F31: =IFERROR(IF('IP Input Sheet'!D54<>"",'IP Input Sheet'!D54,IF('IP Input Sheet'!E54<>"",'IP Input Sheet'!E54,'IP Input Sheet'!F54)),"[Enter IP]") -> 10.3.118.0/24 | G31: 22 | H31: TCP | I31: SSH | J31: Allow | K31: Gateway FW | L31: Bidirectional | M31: Admin restrict to jump host
A32: VA-05 | B32: VCF Auto → NSX Mgr | C32: VCF Automation (VCFA) | D32: =IFERROR(IF('IP Input Sheet'!D7<>"",'IP Input Sheet'!D7,IF('IP Input Sheet'!E7<>"",'IP Input Sheet'!E7,'IP Input Sheet'!F7)),"[Enter IP]") -> 10.5.25.64/26 | E32: NSX Manager Cluster | F32: =IFERROR(IF('IP Input Sheet'!D14<>"",'IP Input Sheet'!D14,IF('IP Input Sheet'!E14<>"",'IP Input Sheet'!E14,'IP Input Sheet'!F14)),"[Enter IP]") -> 10.3.118.0/24 | G32: 443 | H32: TCP | I32: NSX Manager API HTTPS — policy provisioning | J32: Allow | K32: Gateway FW | L32: Bidirectional
A33: VA-06 | B33: VCF Auto → Supervisor VIP (443) | C33: VCF Automation (VCFA) | D33: =IFERROR(IF('IP Input Sheet'!D7<>"",'IP Input Sheet'!D7,IF('IP Input Sheet'!E7<>"",'IP Input Sheet'!E7,'IP Input Sheet'!F7)),"[Enter IP]") -> 10.5.25.64/26 | E33: Supervisor Control Plane VIP | F33: =IFERROR(IF('IP Input Sheet'!D13<>"",'IP Input Sheet'!D13,IF('IP Input Sheet'!E13<>"",'IP Input Sheet'!E13,'IP Input Sheet'!F13)),"[Enter IP]") -> 10.3.118.18 | G33: 443 | H33: TCP | I33: vSphere Supervisor API via LB | J33: Allow | K33: Gateway FW | L33: Outbound
A34: VA-07 | B34: VCF Auto → Supervisor VIP (6443) | C34: VCF Automation (VCFA) | D34: =IFERROR(IF('IP Input Sheet'!D7<>"",'IP Input Sheet'!D7,IF('IP Input Sheet'!E7<>"",'IP Input Sheet'!E7,'IP Input Sheet'!F7)),"[Enter IP]") -> 10.5.25.64/26 | E34: Supervisor Control Plane VIP | F34: =IFERROR(IF('IP Input Sheet'!D13<>"",'IP Input Sheet'!D13,IF('IP Input Sheet'!E13<>"",'IP Input Sheet'!E13,'IP Input Sheet'!F13)),"[Enter IP]") -> 10.3.118.18 | G34: 6443 | H34: TCP | I34: Kubernetes API server | J34: Allow | K34: Gateway FW | L34: Outbound
A35: VN-01 | B35: VON → vCenter (IPFIX) | C35: VCF Ops for Networks (VON) | D35: =IFERROR(IF('IP Input Sheet'!D9<>"",'IP Input Sheet'!D9,IF('IP Input Sheet'!E9<>"",'IP Input Sheet'!E9,'IP Input Sheet'!F9)),"[Enter IP]") -> 10.5.25.64/26 | E35: vCenter Server | F35: =IFERROR(IF('IP Input Sheet'!D13<>"",'IP Input Sheet'!D13,IF('IP Input Sheet'!E13<>"",'IP Input Sheet'!E13,'IP Input Sheet'!F13)),"[Enter IP]") -> 10.3.118.18 | G35: 2055 | H35: TCP | I35: IPFIX (deprecated → use 4739) | J35: Allow | K35: Gateway FW | L35: Outbound | M35: Port 2055 deprecated
A36: VN-02 | B36: VON → ESXi (IPFIX) | C36: VCF Ops for Networks (VON) | D36: =IFERROR(IF('IP Input Sheet'!D9<>"",'IP Input Sheet'!D9,IF('IP Input Sheet'!E9<>"",'IP Input Sheet'!E9,'IP Input Sheet'!F9)),"[Enter IP]") -> 10.5.25.64/26 | E36: ESXi Hosts (WLD) | F36: =IFERROR(IF('IP Input Sheet'!D54<>"",'IP Input Sheet'!D54,IF('IP Input Sheet'!E54<>"",'IP Input Sheet'!E54,'IP Input Sheet'!F54)),"[Enter IP]") -> 10.3.118.0/24 | G36: 4739 | H36: TCP/UDP | I36: IPFIX + NETFLOW export | J36: Allow | K36: Gateway FW | L36: Outbound
A37: VN-03 | B37: VON → NSX Manager | C37: VCF Ops for Networks (VON) | D37: =IFERROR(IF('IP Input Sheet'!D9<>"",'IP Input Sheet'!D9,IF('IP Input Sheet'!E9<>"",'IP Input Sheet'!E9,'IP Input Sheet'!F9)),"[Enter IP]") -> 10.5.25.64/26 | E37: NSX Manager | F37: =IFERROR(IF('IP Input Sheet'!D14<>"",'IP Input Sheet'!D14,IF('IP Input Sheet'!E14<>"",'IP Input Sheet'!E14,'IP Input Sheet'!F14)),"[Enter IP]") -> 10.3.118.0/24 | G37: 443 | H37: TCP | I37: HTTPS NSX API — inventory+config+events | J37: Allow | K37: Gateway FW | L37: Outbound
A38: VN-04 | B38: VON → DNS | C38: VCF Ops for Networks (VON) | D38: =IFERROR(IF('IP Input Sheet'!D9<>"",'IP Input Sheet'!D9,IF('IP Input Sheet'!E9<>"",'IP Input Sheet'!E9,'IP Input Sheet'!F9)),"[Enter IP]") -> 10.5.25.64/26 | E38: DNS Server | F38: ='IP Input Sheet'!D60 | G38: 53 | H38: TCP | I38: DNS name resolution | J38: Allow | K38: Gateway FW | L38: Outbound
A39: VN-05 | B39: VON → NTP | C39: VCF Ops for Networks (VON) | D39: =IFERROR(IF('IP Input Sheet'!D9<>"",'IP Input Sheet'!D9,IF('IP Input Sheet'!E9<>"",'IP Input Sheet'!E9,'IP Input Sheet'!F9)),"[Enter IP]") -> 10.5.25.64/26 | E39: NTP Server | F39: ='IP Input Sheet'!D61 | G39: 123 | H39: UDP | I39: Time server | J39: Allow | K39: Gateway FW | L39: Outbound
A40: VN-06 | B40: VON → Switches (SNMP) | C40: VCF Ops for Networks (VON) | D40: =IFERROR(IF('IP Input Sheet'!D9<>"",'IP Input Sheet'!D9,IF('IP Input Sheet'!E9<>"",'IP Input Sheet'!E9,'IP Input Sheet'!F9)),"[Enter IP]") -> 10.5.25.64/26 | E40: Multi-Vendor Switches/Routers | F40: [Physical Device IPs] | G40: 161 | H40: TCP | I40: SNMP Polling | J40: Allow | K40: Gateway FW | L40: Outbound | M40: Confirm physical device IPs with network team
A41: VN-07 | B41: VON → VON Collector (HTTPS) | C41: VCF Ops for Networks (VON) | D41: =IFERROR(IF('IP Input Sheet'!D9<>"",'IP Input Sheet'!D9,IF('IP Input Sheet'!E9<>"",'IP Input Sheet'!E9,'IP Input Sheet'!F9)),"[Enter IP]") -> 10.5.25.64/26 | E41: VCF OPS Network Collector (M7) | F41: =IFERROR(IF('IP Input Sheet'!D19<>"",'IP Input Sheet'!D19,IF('IP Input Sheet'!E19<>"",'IP Input Sheet'!E19,'IP Input Sheet'!F19)),"[Enter IP]") -> 10.3.118.101 | G41: 443 | H41: TCP | I41: VON Collector API — flow collection | J41: Allow | K41: Gateway FW | L41: Outbound | M41: M7 — added per Raju
A42: VN-08 | B42: VON → VON Collector (SSH) | C42: VCF Ops for Networks (VON) | D42: =IFERROR(IF('IP Input Sheet'!D9<>"",'IP Input Sheet'!D9,IF('IP Input Sheet'!E9<>"",'IP Input Sheet'!E9,'IP Input Sheet'!F9)),"[Enter IP]") -> 10.5.25.64/26 | E42: VCF OPS Network Collector (M7) | F42: =IFERROR(IF('IP Input Sheet'!D19<>"",'IP Input Sheet'!D19,IF('IP Input Sheet'!E19<>"",'IP Input Sheet'!E19,'IP Input Sheet'!F19)),"[Enter IP]") -> 10.3.118.101 | G42: 22 | H42: TCP | I42: SSH management — collector node | J42: Allow | K42: Gateway FW | L42: Outbound | M42: M7 — Admin, restrict to jump host
A43: VO-11 | B43: VCFO → VON Collector | C43: VCF Operations (VCFO) | D43: =IFERROR(IF('IP Input Sheet'!D6<>"",'IP Input Sheet'!D6,IF('IP Input Sheet'!E6<>"",'IP Input Sheet'!E6,'IP Input Sheet'!F6)),"[Enter IP]") -> 10.5.25.64/26 | E43: VCF OPS Network Collector (M7) | F43: =IFERROR(IF('IP Input Sheet'!D19<>"",'IP Input Sheet'!D19,IF('IP Input Sheet'!E19<>"",'IP Input Sheet'!E19,'IP Input Sheet'!F19)),"[Enter IP]") -> 10.3.118.101 | G43: 443 | H43: TCP | I43: VCFO → collector metrics/config | J43: Allow | K43: Gateway FW | L43: Outbound | M43: M7 — per Raju
A44: BGP-01 | B44: Edge 1 Uplink1 → ToR Rack1 BGP (VLAN 2606) | C44: NSX Edge 1 — Uplink 1 (Rack 1) | D44: =IFERROR(IF('IP Input Sheet'!D22<>"",'IP Input Sheet'!D22,IF('IP Input Sheet'!E22<>"",'IP Input Sheet'!E22,'IP Input Sheet'!F22)),"[Enter IP]") -> 10.3.111.101 | E44: ToR BGP Peer (VLAN 2606) | F44: =IFERROR(IF('IP Input Sheet'!D32<>"",'IP Input Sheet'!D32,IF('IP Input Sheet'!E32<>"",'IP Input Sheet'!E32,'IP Input Sheet'!F32)),"[Enter IP]") -> 10.3.111.97 | G44: 179 | H44: TCP | I44: BGP peering — bidirectional | J44: Allow | K44: Gateway FW | L44: Bidirectional | M44: EU1→EU11
A45: BGP-02 | B45: Edge 1 Uplink2 → ToR Rack1 BGP (VLAN 2607) | C45: NSX Edge 1 — Uplink 2 (Rack 1) | D45: =IFERROR(IF('IP Input Sheet'!D23<>"",'IP Input Sheet'!D23,IF('IP Input Sheet'!E23<>"",'IP Input Sheet'!E23,'IP Input Sheet'!F23)),"[Enter IP]") -> 10.3.111.121 | E45: ToR BGP Peer (VLAN 2607) | F45: =IFERROR(IF('IP Input Sheet'!D33<>"",'IP Input Sheet'!D33,IF('IP Input Sheet'!E33<>"",'IP Input Sheet'!E33,'IP Input Sheet'!F33)),"[Enter IP]") -> 10.3.111.113 | G45: 179 | H45: TCP | I45: BGP peering — bidirectional | J45: Allow | K45: Gateway FW | L45: Bidirectional | M45: EU2→EU12
A46: BGP-03 | B46: Edge 2 Uplink1 → ToR Rack1 BGP (VLAN 2606) | C46: NSX Edge 2 — Uplink 1 (Rack 1) | D46: =IFERROR(IF('IP Input Sheet'!D24<>"",'IP Input Sheet'!D24,IF('IP Input Sheet'!E24<>"",'IP Input Sheet'!E24,'IP Input Sheet'!F24)),"[Enter IP]") -> 10.3.111.102 | E46: ToR BGP Peer (VLAN 2606) | F46: =IFERROR(IF('IP Input Sheet'!D32<>"",'IP Input Sheet'!D32,IF('IP Input Sheet'!E32<>"",'IP Input Sheet'!E32,'IP Input Sheet'!F32)),"[Enter IP]") -> 10.3.111.97 | G46: 179 | H46: TCP | I46: BGP peering — bidirectional | J46: Allow | K46: Gateway FW | L46: Bidirectional | M46: EU3→EU11
A47: BGP-04 | B47: Edge 2 Uplink2 → ToR Rack1 BGP (VLAN 2607) | C47: NSX Edge 2 — Uplink 2 (Rack 1) | D47: =IFERROR(IF('IP Input Sheet'!D25<>"",'IP Input Sheet'!D25,IF('IP Input Sheet'!E25<>"",'IP Input Sheet'!E25,'IP Input Sheet'!F25)),"[Enter IP]") -> 10.3.111.122 | E47: ToR BGP Peer (VLAN 2607) | F47: =IFERROR(IF('IP Input Sheet'!D33<>"",'IP Input Sheet'!D33,IF('IP Input Sheet'!E33<>"",'IP Input Sheet'!E33,'IP Input Sheet'!F33)),"[Enter IP]") -> 10.3.111.113 | G47: 179 | H47: TCP | I47: BGP peering — bidirectional | J47: Allow | K47: Gateway FW | L47: Bidirectional | M47: EU4→EU12
A48: BGP-05 | B48: Edge 3 Uplink1 → ToR Rack2 BGP (VLAN 2608) | C48: NSX Edge 3 — Uplink 1 (Rack 2) | D48: =IFERROR(IF('IP Input Sheet'!D26<>"",'IP Input Sheet'!D26,IF('IP Input Sheet'!E26<>"",'IP Input Sheet'!E26,'IP Input Sheet'!F26)),"[Enter IP]") -> 10.3.111.133 | E48: ToR BGP Peer (VLAN 2608) | F48: =IFERROR(IF('IP Input Sheet'!D34<>"",'IP Input Sheet'!D34,IF('IP Input Sheet'!E34<>"",'IP Input Sheet'!E34,'IP Input Sheet'!F34)),"[Enter IP]") -> 10.3.111.129 | G48: 179 | H48: TCP | I48: BGP peering — bidirectional | J48: Allow | K48: Gateway FW | L48: Bidirectional | M48: EU5→EU13
A49: BGP-06 | B49: Edge 3 Uplink2 → ToR Rack2 BGP (VLAN 2609) | C49: NSX Edge 3 — Uplink 2 (Rack 2) | D49: =IFERROR(IF('IP Input Sheet'!D27<>"",'IP Input Sheet'!D27,IF('IP Input Sheet'!E27<>"",'IP Input Sheet'!E27,'IP Input Sheet'!F27)),"[Enter IP]") -> 10.3.111.153 | E49: ToR BGP Peer (VLAN 2609) | F49: =IFERROR(IF('IP Input Sheet'!D35<>"",'IP Input Sheet'!D35,IF('IP Input Sheet'!E35<>"",'IP Input Sheet'!E35,'IP Input Sheet'!F35)),"[Enter IP]") | G49: 179 | H49: TCP | I49: BGP peering — bidirectional | J49: Allow | K49: Gateway FW | L49: Bidirectional | M49: EU6→EU14
A50: BGP-07 | B50: Edge 4 Uplink1 → ToR Rack2 BGP (VLAN 2608) | C50: NSX Edge 4 — Uplink 1 (Rack 2) | D50: =IFERROR(IF('IP Input Sheet'!D28<>"",'IP Input Sheet'!D28,IF('IP Input Sheet'!E28<>"",'IP Input Sheet'!E28,'IP Input Sheet'!F28)),"[Enter IP]") -> 10.3.111.134 | E50: ToR BGP Peer (VLAN 2608) | F50: =IFERROR(IF('IP Input Sheet'!D34<>"",'IP Input Sheet'!D34,IF('IP Input Sheet'!E34<>"",'IP Input Sheet'!E34,'IP Input Sheet'!F34)),"[Enter IP]") -> 10.3.111.129 | G50: 179 | H50: TCP | I50: BGP peering — bidirectional | J50: Allow | K50: Gateway FW | L50: Bidirectional | M50: EU7→EU13
A51: BGP-08 | B51: Edge 4 Uplink2 → ToR Rack2 BGP (VLAN 2609) | C51: NSX Edge 4 — Uplink 2 (Rack 2) | D51: =IFERROR(IF('IP Input Sheet'!D29<>"",'IP Input Sheet'!D29,IF('IP Input Sheet'!E29<>"",'IP Input Sheet'!E29,'IP Input Sheet'!F29)),"[Enter IP]") -> 10.3.111.154 | E51: ToR BGP Peer (VLAN 2609) | F51: =IFERROR(IF('IP Input Sheet'!D35<>"",'IP Input Sheet'!D35,IF('IP Input Sheet'!E35<>"",'IP Input Sheet'!E35,'IP Input Sheet'!F35)),"[Enter IP]") | G51: 179 | H51: TCP | I51: BGP peering — bidirectional | J51: Allow | K51: Gateway FW | L51: Bidirectional | M51: EU8→EU14
A52: TEP-01 | B52: Edge TEP ↔ Host TEP (intra-AZ GENEVE) | C52: NSX Edge TEP | D52: =IFERROR(IF('IP Input Sheet'!D30<>"",'IP Input Sheet'!D30,IF('IP Input Sheet'!E30<>"",'IP Input Sheet'!E30,'IP Input Sheet'!F30)),"[Enter IP]") -> 10.5.236.0/24 | E52: NSX Host TEP (ESXi) | F52: =IFERROR(IF('IP Input Sheet'!D18<>"",'IP Input Sheet'!D18,IF('IP Input Sheet'!E18<>"",'IP Input Sheet'!E18,'IP Input Sheet'!F18)),"[Enter IP]") -> 10.3.118.0/24 | G52: 6081 | H52: UDP | I52: GENEVE intra-AZ overlay | J52: Allow | K52: Gateway FW | L52: Bidirectional | M52: EU9 — MTU 1600+ required
A53: TEP-02 | B53: Edge TEP ↔ Edge TEP (HA heartbeat) | C53: NSX Edge TEP | D53: =IFERROR(IF('IP Input Sheet'!D30<>"",'IP Input Sheet'!D30,IF('IP Input Sheet'!E30<>"",'IP Input Sheet'!E30,'IP Input Sheet'!F30)),"[Enter IP]") -> 10.5.236.0/24 | E53: NSX Edge TEP (peer) | F53: =IFERROR(IF('IP Input Sheet'!D30<>"",'IP Input Sheet'!D30,IF('IP Input Sheet'!E30<>"",'IP Input Sheet'!E30,'IP Input Sheet'!F30)),"[Enter IP]") -> 10.5.236.0/24 | G53: 6081 | H53: UDP | I53: GENEVE intra-AZ Edge HA | J53: Allow | K53: Gateway FW | L53: Bidirectional | M53: EU9 — same AZ only
A54: TEP-03 | B54: Remote TEP cross-AZ GENEVE | C54: NSX Remote TEP (RTEP) | D54: =IFERROR(IF('IP Input Sheet'!D31<>"",'IP Input Sheet'!D31,IF('IP Input Sheet'!E31<>"",'IP Input Sheet'!E31,'IP Input Sheet'!F31)),"[Enter IP]") -> 10.5.22.0/24 | E54: NSX Remote TEP (peer AZ) | F54: =IFERROR(IF('IP Input Sheet'!D31<>"",'IP Input Sheet'!D31,IF('IP Input Sheet'!E31<>"",'IP Input Sheet'!E31,'IP Input Sheet'!F31)),"[Enter IP]") -> 10.5.22.0/24 | G54: 6081 | H54: UDP | I54: GENEVE cross-AZ via Super Spine | J54: Allow | K54: Gateway FW | L54: Bidirectional | M54: EU10 — VLAN 2605 via Super Spine
A55: BFD-01 | B55: BFD — Edge1 Uplink1 to ToR fast failover | C55: NSX Edge 1 Uplink 1 | D55: =IFERROR(IF('IP Input Sheet'!D22<>"",'IP Input Sheet'!D22,IF('IP Input Sheet'!E22<>"",'IP Input Sheet'!E22,'IP Input Sheet'!F22)),"[Enter IP]") -> 10.3.111.101 | E55: ToR BGP Peer Rack1 VLAN2606 | F55: =IFERROR(IF('IP Input Sheet'!D32<>"",'IP Input Sheet'!D32,IF('IP Input Sheet'!E32<>"",'IP Input Sheet'!E32,'IP Input Sheet'!F32)),"[Enter IP]") -> 10.3.111.97 | G55: 3784 | H55: UDP | I55: BFD fast failover | J55: Allow | K55: Gateway FW | L55: Bidirectional | M55: EU1→EU11
A56: BFD-02 | B56: BFD — Edge1 Uplink2 to ToR fast failover | C56: NSX Edge 1 Uplink 2 | D56: =IFERROR(IF('IP Input Sheet'!D23<>"",'IP Input Sheet'!D23,IF('IP Input Sheet'!E23<>"",'IP Input Sheet'!E23,'IP Input Sheet'!F23)),"[Enter IP]") -> 10.3.111.121 | E56: ToR BGP Peer Rack1 VLAN2607 | F56: =IFERROR(IF('IP Input Sheet'!D33<>"",'IP Input Sheet'!D33,IF('IP Input Sheet'!E33<>"",'IP Input Sheet'!E33,'IP Input Sheet'!F33)),"[Enter IP]") -> 10.3.111.113 | G56: 3784 | H56: UDP | I56: BFD fast failover | J56: Allow | K56: Gateway FW | L56: Bidirectional | M56: EU2→EU12
A57: BFD-03 | B57: BFD — Edge3 Uplink1 to ToR fast failover | C57: NSX Edge 3 Uplink 1 | D57: =IFERROR(IF('IP Input Sheet'!D26<>"",'IP Input Sheet'!D26,IF('IP Input Sheet'!E26<>"",'IP Input Sheet'!E26,'IP Input Sheet'!F26)),"[Enter IP]") -> 10.3.111.133 | E57: ToR BGP Peer Rack2 VLAN2608 | F57: =IFERROR(IF('IP Input Sheet'!D34<>"",'IP Input Sheet'!D34,IF('IP Input Sheet'!E34<>"",'IP Input Sheet'!E34,'IP Input Sheet'!F34)),"[Enter IP]") -> 10.3.111.129 | G57: 3784 | H57: UDP | I57: BFD fast failover | J57: Allow | K57: Gateway FW | L57: Bidirectional | M57: EU5→EU13
A58: BFD-04 | B58: BFD — Edge3 Uplink2 to ToR fast failover | C58: NSX Edge 3 Uplink 2 | D58: =IFERROR(IF('IP Input Sheet'!D27<>"",'IP Input Sheet'!D27,IF('IP Input Sheet'!E27<>"",'IP Input Sheet'!E27,'IP Input Sheet'!F27)),"[Enter IP]") -> 10.3.111.153 | E58: ToR BGP Peer Rack2 VLAN2609 | F58: =IFERROR(IF('IP Input Sheet'!D35<>"",'IP Input Sheet'!D35,IF('IP Input Sheet'!E35<>"",'IP Input Sheet'!E35,'IP Input Sheet'!F35)),"[Enter IP]") | G58: 3784 | H58: UDP | I58: BFD fast failover | J58: Allow | K58: Gateway FW | L58: Bidirectional | M58: EU6→EU14
A59: BFD-01b | B59: BFD Echo — Edge1 Uplink1 → ToR Rack1 VLAN2606 (3785) | C59: NSX Edge 1 Uplink 1 | D59: =IFERROR(IF('IP Input Sheet'!D22<>"",'IP Input Sheet'!D22,IF('IP Input Sheet'!E22<>"",'IP Input Sheet'!E22,'IP Input Sheet'!F22)),"[Enter IP]") -> 10.3.111.101 | E59: ToR BGP Peer Rack1 VLAN2606 | F59: =IFERROR(IF('IP Input Sheet'!D32<>"",'IP Input Sheet'!D32,IF('IP Input Sheet'!E32<>"",'IP Input Sheet'!E32,'IP Input Sheet'!F32)),"[Enter IP]") -> 10.3.111.97 | G59: 3785 | H59: UDP | I59: BFD echo mode — fast failover detection | J59: Allow | K59: Gateway FW | L59: Bidirectional | M59: BFD echo - EU1→EU1
A60: BFD-02b | B60: BFD Echo — Edge1 Uplink2 → ToR Rack1 VLAN2607 (3785) | C60: NSX Edge 1 Uplink 2 | D60: =IFERROR(IF('IP Input Sheet'!D23<>"",'IP Input Sheet'!D23,IF('IP Input Sheet'!E23<>"",'IP Input Sheet'!E23,'IP Input Sheet'!F23)),"[Enter IP]") -> 10.3.111.121 | E60: ToR BGP Peer Rack1 VLAN2607 | F60: =IFERROR(IF('IP Input Sheet'!D33<>"",'IP Input Sheet'!D33,IF('IP Input Sheet'!E33<>"",'IP Input Sheet'!E33,'IP Input Sheet'!F33)),"[Enter IP]") -> 10.3.111.113 | G60: 3785 | H60: UDP | I60: BFD echo mode — fast failover detection | J60: Allow | K60: Gateway FW | L60: Bidirectional | M60: BFD echo - EU2→EU12
A61: BFD-03b | B61: BFD Echo — Edge3 Uplink1 → ToR Rack2 VLAN2608 (3785) | C61: NSX Edge 3 Uplink 1 | D61: =IFERROR(IF('IP Input Sheet'!D26<>"",'IP Input Sheet'!D26,IF('IP Input Sheet'!E26<>"",'IP Input Sheet'!E26,'IP Input Sheet'!F26)),"[Enter IP]") -> 10.3.111.133 | E61: ToR BGP Peer Rack2 VLAN2608 | F61: =IFERROR(IF('IP Input Sheet'!D34<>"",'IP Input Sheet'!D34,IF('IP Input Sheet'!E34<>"",'IP Input Sheet'!E34,'IP Input Sheet'!F34)),"[Enter IP]") -> 10.3.111.129 | G61: 3785 | H61: UDP | I61: BFD echo mode — fast failover detection | J61: Allow | K61: Gateway FW | L61: Bidirectional | M61: BFD echo -EU5→EU13
A62: BFD-04b | B62: BFD Echo — Edge3 Uplink2 → ToR Rack2 VLAN2609 (3785) | C62: NSX Edge 3 Uplink 2 | D62: =IFERROR(IF('IP Input Sheet'!D27<>"",'IP Input Sheet'!D27,IF('IP Input Sheet'!E27<>"",'IP Input Sheet'!E27,'IP Input Sheet'!F27)),"[Enter IP]") -> 10.3.111.153 | E62: ToR BGP Peer Rack2 VLAN2609 | F62: =IFERROR(IF('IP Input Sheet'!D35<>"",'IP Input Sheet'!D35,IF('IP Input Sheet'!E35<>"",'IP Input Sheet'!E35,'IP Input Sheet'!F35)),"[Enter IP]") | G62: 3785 | H62: UDP | I62: BFD echo mode — fast failover detection | J62: Allow | K62: Gateway FW | L62: Bidirectional | M62: BFD echo - EU6→EU14
A63: BFD-09 | B63: BFD Multi-hop — Edge → Remote Edge cross-AZ (4784) | C63: NSX Edge Nodes (local AZ — EDGE_TEP) | D63: =IFERROR(IF('IP Input Sheet'!D30<>"",'IP Input Sheet'!D30,IF('IP Input Sheet'!E30<>"",'IP Input Sheet'!E30,'IP Input Sheet'!F30)),"[Enter IP]") -> 10.5.236.0/24 | E63: NSX Edge Nodes (remote AZ — EDGE_TEP) | F63: =IFERROR(IF('IP Input Sheet'!E30<>"",'IP Input Sheet'!E30,IF('IP Input Sheet'!D30<>"",'IP Input Sheet'!D30,'IP Input Sheet'!F30)),"[Enter IP]") -> 10.5.248.0/24 | G63: 4784 | H63: UDP | I63: BFD multi-hop RFC 5883 — cross-AZ Inter-SR fast failover | J63: Allow | K63: Gateway FW | L63: Bidirectional | M63: cross-AZ T0 SR failover EU9(AZ1)↔EU9(AZ2)
D64: =IFERROR(IF('IP Input Sheet'!D27<>"",'IP Input Sheet'!D27,IF('IP Input Sheet'!E27<>"",'IP Input Sheet'!E27,'IP Input Sheet'!F27)),"[Enter IP]") -> 10.3.111.153 | F64: =IFERROR(IF('IP Input Sheet'!D35<>"",'IP Input Sheet'!D35,IF('IP Input Sheet'!E35<>"",'IP Input Sheet'!E35,'IP Input Sheet'!F35)),"[Enter IP]")
A65: NSX FEDERATION INTER-SITE RULES (GM ↔ LM)
A66: FED-01 | B66: NSX GM → NSX LM (all AZs) — API Sync | C66: NSX Global Manager (M3) | D66: =IFERROR(IF('IP Input Sheet'!D15<>"",'IP Input Sheet'!D15,IF('IP Input Sheet'!E15<>"",'IP Input Sheet'!E15,'IP Input Sheet'!F15)),"[Enter IP]") -> 10.3.118.0/24 | E66: NSX Local Manager (M2 — all AZs) | F66: =IFERROR(IF('IP Input Sheet'!D14<>"",'IP Input Sheet'!D14,IF('IP Input Sheet'!E14<>"",'IP Input Sheet'!E14,'IP Input Sheet'!F14)),"[Enter IP]") -> 10.3.118.0/24 | G66: 443 | H66: TCP | I66: API & Management Plane synchronisation — Federation config push | J66: Allow | K66: Gateway FW | L66: Outbound | M66: GM→LM TCP 443 must be whitelisted for Federation
A67: FED-03 | B67: NSX GM → NSX LM (all AZs) — Async Replication | C67: NSX Global Manager (M3) | D67: =IFERROR(IF('IP Input Sheet'!D15<>"",'IP Input Sheet'!D15,IF('IP Input Sheet'!E15<>"",'IP Input Sheet'!E15,'IP Input Sheet'!F15)),"[Enter IP]") -> 10.3.118.0/24 | E67: NSX Local Manager (M2 — all AZs) | F67: =IFERROR(IF('IP Input Sheet'!D14<>"",'IP Input Sheet'!D14,IF('IP Input Sheet'!E14<>"",'IP Input Sheet'!E14,'IP Input Sheet'!F14)),"[Enter IP]") -> 10.3.118.0/24 | G67: 1236 | H67: TCP | I67: Asynchronous Replication — core engine pushing Global config to Local Managers | J67: Allow | K67: Gateway FW | L67: Outbound | M67: TCP 1236 NEW — critical for Federation policy distribution
A68: FED-05 | B68: T0 SR Inter-Site BGP (AZ1 Edge ↔ AZ2 Edge) | C68: NSX Edge Uplinks (Active T0 SR) | D68: =IFERROR(IF('IP Input Sheet'!D22<>"",'IP Input Sheet'!D22,IF('IP Input Sheet'!E22<>"",'IP Input Sheet'!E22,'IP Input Sheet'!F22)),"[Enter IP]") -> 10.3.111.101 | E68: NSX Remote Edge (Peer AZ T0 SR) | F68: =IFERROR(IF('IP Input Sheet'!D26<>"",'IP Input Sheet'!D26,IF('IP Input Sheet'!E26<>"",'IP Input Sheet'!E26,'IP Input Sheet'!F26)),"[Enter IP]") -> 10.3.111.133 | G68: 179 | H68: TCP | I68: Inter-SR BGP — Service Router routing updates across AZs for Federation | J68: Allow | K68: Gateway FW | L68: Bidirectional | M68: inter-SR BGP distinct from Edge→ToR BGP (BGP-01 to BGP-08)
A69: FED-03 | B69: NSX GM → LM TCP 1236 | C69: NSX Global Manager (M3) | D69: =IFERROR(IF('IP Input Sheet'!D15<>"",'IP Input Sheet'!D15,IF('IP Input Sheet'!E15<>"",'IP Input Sheet'!E15,'IP Input Sheet'!F15)),"[Enter IP]") -> 10.3.118.0/24 | E69: NSX Local Manager (M2) | F69: =IFERROR(IF('IP Input Sheet'!D14<>"",'IP Input Sheet'!D14,IF('IP Input Sheet'!E14<>"",'IP Input Sheet'!E14,'IP Input Sheet'!F14)),"[Enter IP]") -> 10.3.118.0/24 | G69: 1236 | H69: TCP | I69: NSX Federation Async Replication — GM pushes Global config to all Local Managers | J69: Allow | K69: Gateway FW | L69: Bidirectional | M69: — was MISSING, federation sync broken without this.
A70: FED-05 | B70: NSX Edge → Remote Edge TCP 179 Inter-SR BGP | C70: NSX Edge Node (local) | D70: =IFERROR(IF('IP Input Sheet'!D22<>"",'IP Input Sheet'!D22,IF('IP Input Sheet'!E22<>"",'IP Input Sheet'!E22,'IP Input Sheet'!F22)),"[Enter IP]") -> 10.3.111.101 | E70: NSX Remote Edge Node | F70: =IFERROR(IF('IP Input Sheet'!D26<>"",'IP Input Sheet'!D26,IF('IP Input Sheet'!E26<>"",'IP Input Sheet'!E26,'IP Input Sheet'!F26)),"[Enter IP]") -> 10.3.111.133 | G70: 179 | H70: TCP | I70: Inter-SR BGP cross-AZ routing updates between Service Routers | J70: Allow | K70: Gateway FW | L70: Bidirectional | M70: Inter-site BGP — distinct from Edge→ToR BGP (BGP-01 to BGP-08).
A71: FED-07 | B71: NSX GM Cluster — GM Node ↔ GM peer (TCP 15026) | C71: NSX Global Manager Node | D71: =IFERROR(IF('IP Input Sheet'!D15<>"",'IP Input Sheet'!D15,IF('IP Input Sheet'!E15<>"",'IP Input Sheet'!E15,'IP Input Sheet'!F15)),"[Enter IP]") -> 10.3.118.0/24 | E71: NSX Global Manager Node (peer) | F71: =IFERROR(IF('IP Input Sheet'!D15<>"",'IP Input Sheet'!D15,IF('IP Input Sheet'!E15<>"",'IP Input Sheet'!E15,'IP Input Sheet'!F15)),"[Enter IP]") -> 10.3.118.0/24 | G71: 15026 | H71: TCP | I71: NSX GM cluster comms — quorum + config sync | J71: Allow | K71: Gateway FW | L71: Bidirectional | M71: GM cluster comm M3↔M3
A72: VAMI-01 | B72: Fleet Mgr → vCenter VAMI (5480) | C72: VCF Operations Fleet Manager | D72: =IFERROR(IF('IP Input Sheet'!D5<>"",'IP Input Sheet'!D5,IF('IP Input Sheet'!E5<>"",'IP Input Sheet'!E5,'IP Input Sheet'!F5)),"[Enter IP]") -> 10.5.25.86 | E72: vCenter Server (VAMI) | F72: =IFERROR(IF('IP Input Sheet'!D13<>"",'IP Input Sheet'!D13,IF('IP Input Sheet'!E13<>"",'IP Input Sheet'!E13,'IP Input Sheet'!F13)),"[Enter IP]") -> 10.3.118.18 | G72: 5480 | H72: TCP | I72: VAMI — Virtual Appliance Mgmt Interface — lifecycle/config/health | J72: Allow | K72: Gateway FW | L72: Outbound | M72: Port note: Port 5480 VAMI. vlsr1 IP 192.168.188.1. Required for Fleet Mgr lifecycle ops on all VCF appliances.
A73: VAMI-02 | B73: Fleet Mgr → SDDC Manager VAMI (5480) | C73: VCF Operations Fleet Manager | D73: =IFERROR(IF('IP Input Sheet'!D5<>"",'IP Input Sheet'!D5,IF('IP Input Sheet'!E5<>"",'IP Input Sheet'!E5,'IP Input Sheet'!F5)),"[Enter IP]") -> 10.5.25.86 | E73: SDDC Manager (VAMI) | F73: =IFERROR(IF('IP Input Sheet'!D16<>"",'IP Input Sheet'!D16,IF('IP Input Sheet'!E16<>"",'IP Input Sheet'!E16,'IP Input Sheet'!F16)),"[Enter IP]") -> 10.3.118.30 | G73: 5480 | H73: TCP | I73: SDDC Manager VAMI — lifecycle and config management | J73: Allow | K73: Gateway FW | L73: Outbound | M73: Port note: Port 5480 — SDDC Manager appliance VAMI interface
A74: VAMI-03 | B74: Fleet Mgr → NSX Manager VAMI (5480) | C74: VCF Operations Fleet Manager | D74: =IFERROR(IF('IP Input Sheet'!D5<>"",'IP Input Sheet'!D5,IF('IP Input Sheet'!E5<>"",'IP Input Sheet'!E5,'IP Input Sheet'!F5)),"[Enter IP]") -> 10.5.25.86 | E74: NSX Manager (VAMI) | F74: =IFERROR(IF('IP Input Sheet'!D14<>"",'IP Input Sheet'!D14,IF('IP Input Sheet'!E14<>"",'IP Input Sheet'!E14,'IP Input Sheet'!F14)),"[Enter IP]") -> 10.3.118.0/24 | G74: 5480 | H74: TCP | I74: NSX Manager VAMI — appliance lifecycle management | J74: Allow | K74: Gateway FW | L74: Outbound | M74: Port note: Port 5480 — NSX Manager appliance VAMI
A75: VAMI-04 | B75: VCFA → All VCF Appliances VAMI (5480) | C75: VCF Automation (VCFA) | D75: =IFERROR(IF('IP Input Sheet'!D7<>"",'IP Input Sheet'!D7,IF('IP Input Sheet'!E7<>"",'IP Input Sheet'!E7,'IP Input Sheet'!F7)),"[Enter IP]") -> 10.5.25.64/26 | E75: vCenter / NSX / SDDC (VAMI) | F75: =IFERROR(IF('IP Input Sheet'!D13<>"",'IP Input Sheet'!D13,IF('IP Input Sheet'!E13<>"",'IP Input Sheet'!E13,'IP Input Sheet'!F13)),"[Enter IP]") -> 10.3.118.18 | G75: 5480 | H75: TCP | I75: VCFA automation engine — drives appliance lifecycle via VAMI | J75: Allow | K75: Gateway FW | L75: Outbound | M75: Port note: Port 5480 — VCFA lifecycle automation needs VAMI on all managed appliances
A76: SRM-01 | B76: vSphere Replication → vCenter SRM Listener (9086) | C76: vSphere Replication Appliance (M8) | D76: =IFERROR(IF('IP Input Sheet'!D20<>"",'IP Input Sheet'!D20,IF('IP Input Sheet'!E20<>"",'IP Input Sheet'!E20,'IP Input Sheet'!F20)),"[Enter IP]") -> 192.168.188.1 | E76: vCenter / SRM (sfoMGMT-1-1-VC1) | F76: =IFERROR(IF('IP Input Sheet'!D13<>"",'IP Input Sheet'!D13,IF('IP Input Sheet'!E13<>"",'IP Input Sheet'!E13,'IP Input Sheet'!F13)),"[Enter IP]") -> 10.3.118.18 | G76: 9086 | H76: TCP | I76: SRM listener — replication traffic + PSC/SSO registration. Local host 192.168.188.1 | J76: Allow | K76: Gateway FW | L76: Bidirectional | M76: Port note: Port 9086 SRM listener. sfoMGMT-1-1-VC1.test.net. Local 192.168.188.1. Verify with network team before whitelist.
A77: SRM-02 | B77: Remote Site → SRM Listener (9086 inbound) | C77: Remote Site vSphere Replication | D77: [Remote Site IP] | E77: SRM Local Listener (M8 — 192.168.188.1) | F77: =IFERROR(IF('IP Input Sheet'!D20<>"",'IP Input Sheet'!D20,IF('IP Input Sheet'!E20<>"",'IP Input Sheet'!E20,'IP Input Sheet'!F20)),"[Enter IP]") -> 192.168.188.1 | G77: 9086 | H77: TCP | I77: SRM cross-site replication — remote site connects to local SRM listener | J77: Allow | K77: Gateway FW | L77: Inbound | M77: Port note: Port 9086 inbound from remote replication site. Required for paired-site failover.
B79: 🔷 VMware Live Recovery (VLR) / Site Protection & DR Rules
A80: LVR-01 | B80: VLR → vCenter (HTTPS/SSO Registration) | C80: VMware Live Recovery (VLR) | D80: =IFERROR(IF('IP Input Sheet'!D20<>"",'IP Input Sheet'!D20,IF('IP Input Sheet'!E20<>"",'IP Input Sheet'!E20,'IP Input Sheet'!F20)),"[Enter IP]") -> 192.168.188.1 | E80: vCenter Server | F80: =IFERROR(IF('IP Input Sheet'!D13<>"",'IP Input Sheet'!D13,IF('IP Input Sheet'!E13<>"",'IP Input Sheet'!E13,'IP Input Sheet'!F13)),"[Enter IP]") -> 10.3.118.18 | G80: 443 | H80: TCP | I80: SSO registration + API | J80: Allow | K80: Gateway FW | L80: Outbound | M80: CF row 119/148 — VLR registers with vCenter SSO + certificate replacement | N80: CF row 119 — VLR registers with vCenter SSO at :5480 and :443
A81: LVR-02 | B81: VLR → vCenter VAMI (5480) | C81: VMware Live Recovery (VLR) | D81: =IFERROR(IF('IP Input Sheet'!D20<>"",'IP Input Sheet'!D20,IF('IP Input Sheet'!E20<>"",'IP Input Sheet'!E20,'IP Input Sheet'!F20)),"[Enter IP]") -> 192.168.188.1 | E81: vCenter Server (VAMI) | F81: =IFERROR(IF('IP Input Sheet'!D13<>"",'IP Input Sheet'!D13,IF('IP Input Sheet'!E13<>"",'IP Input Sheet'!E13,'IP Input Sheet'!F13)),"[Enter IP]") -> 10.3.118.18 | G81: 5480 | H81: TCP | I81: VAMI appliance management | J81: Allow | K81: Gateway FW | L81: Outbound | M81: CF row 119 — VLR VAMI at :5480 for certificate + initial config | N81: CF row 119 — VLR VAMI management interface
A82: LVR-03 | B82: VLR → ESXi Heartbeat (902) | C82: VMware Live Recovery (VLR) | D82: =IFERROR(IF('IP Input Sheet'!D20<>"",'IP Input Sheet'!D20,IF('IP Input Sheet'!E20<>"",'IP Input Sheet'!E20,'IP Input Sheet'!F20)),"[Enter IP]") -> 192.168.188.1 | E82: ESXi Hosts (Mgmt Domain) | F82: =IFERROR(IF('IP Input Sheet'!D18<>"",'IP Input Sheet'!D18,IF('IP Input Sheet'!E18<>"",'IP Input Sheet'!E18,'IP Input Sheet'!F18)),"[Enter IP]") -> 10.3.118.0/24 | G82: 902 | H82: TCP/UDP | I82: Heartbeat / VMRC | J82: Allow | K82: Gateway FW | L82: Bidirectional | M82: CF row 165 — vSphere Replication VMkernel heartbeat to ESXi hosts | N82: CF row 165-175 — vSphere Replication VMkernel NFC traffic to ESXi hosts
A83: LVR-04 | B83: VLR ↔ ESXi vSphere Replication NFC (8043) | C83: VMware Live Recovery (VLR) | D83: =IFERROR(IF('IP Input Sheet'!D20<>"",'IP Input Sheet'!D20,IF('IP Input Sheet'!E20<>"",'IP Input Sheet'!E20,'IP Input Sheet'!F20)),"[Enter IP]") -> 192.168.188.1 | E83: ESXi Hosts (Mgmt Domain) | F83: =IFERROR(IF('IP Input Sheet'!D18<>"",'IP Input Sheet'!D18,IF('IP Input Sheet'!E18<>"",'IP Input Sheet'!E18,'IP Input Sheet'!F18)),"[Enter IP]") -> 10.3.118.0/24 | G83: 8043 | H83: TCP | I83: vSphere Replication NFC | J83: Allow | K83: Gateway FW | L83: Bidirectional | M83: CF row 165-175 — vSphere Replication VMkernel NFC traffic to ESXi hosts | N83: CF row 165-175 — vSphere Replication changed data block transfer
A84: LVR-05 | B84: VLR ↔ ESXi vSphere Replication NFC (31031) | C84: VMware Live Recovery (VLR) | D84: =IFERROR(IF('IP Input Sheet'!D20<>"",'IP Input Sheet'!D20,IF('IP Input Sheet'!E20<>"",'IP Input Sheet'!E20,'IP Input Sheet'!F20)),"[Enter IP]") -> 192.168.188.1 | E84: ESXi Hosts (Mgmt Domain) | F84: =IFERROR(IF('IP Input Sheet'!D18<>"",'IP Input Sheet'!D18,IF('IP Input Sheet'!E18<>"",'IP Input Sheet'!E18,'IP Input Sheet'!F18)),"[Enter IP]") -> 10.3.118.0/24 | G84: 31031 | H84: TCP | I84: vSphere Replication NFC changed blocks | J84: Allow | K84: Gateway FW | L84: Bidirectional | M84: CF row 165-175 — vSphere Replication changed data block transfer | N84: CF row 165-175 — vSphere Replication NFC alternate port
A85: LVR-06 | B85: VLR ↔ ESXi vSphere Replication NFC (44046) | C85: VMware Live Recovery (VLR) | D85: =IFERROR(IF('IP Input Sheet'!D20<>"",'IP Input Sheet'!D20,IF('IP Input Sheet'!E20<>"",'IP Input Sheet'!E20,'IP Input Sheet'!F20)),"[Enter IP]") -> 192.168.188.1 | E85: ESXi Hosts (Mgmt Domain) | F85: =IFERROR(IF('IP Input Sheet'!D18<>"",'IP Input Sheet'!D18,IF('IP Input Sheet'!E18<>"",'IP Input Sheet'!E18,'IP Input Sheet'!F18)),"[Enter IP]") -> 10.3.118.0/24 | G85: 44046 | H85: TCP | I85: vSphere Replication NFC alternate | J85: Allow | K85: Gateway FW | L85: Bidirectional | M85: CF row 165-175 — Alternate NFC port for vSphere Replication | N85: CF row 112 — Domain Name Servers required for LVR
A86: LVR-07 | B86: VLR → DNS | C86: VMware Live Recovery (VLR) | D86: =IFERROR(IF('IP Input Sheet'!D20<>"",'IP Input Sheet'!D20,IF('IP Input Sheet'!E20<>"",'IP Input Sheet'!E20,'IP Input Sheet'!F20)),"[Enter IP]") -> 192.168.188.1 | E86: DNS Server | F86: ='IP Input Sheet'!D60 | G86: 53 | H86: TCP/UDP | I86: Name resolution | J86: Allow | K86: Gateway FW | L86: Outbound | M86: CF row 112 — Domain Name Servers required for VLR appliance | N86: CF row 108 — NTP Servers required for LVR
A87: LVR-08 | B87: VLR → NTP | C87: VMware Live Recovery (VLR) | D87: =IFERROR(IF('IP Input Sheet'!D20<>"",'IP Input Sheet'!D20,IF('IP Input Sheet'!E20<>"",'IP Input Sheet'!E20,'IP Input Sheet'!F20)),"[Enter IP]") -> 192.168.188.1 | E87: NTP Server | F87: ='IP Input Sheet'!D61 | G87: 123 | H87: UDP | I87: Time sync | J87: Allow | K87: Gateway FW | L87: Outbound | M87: CF row 108 — NTP Servers required for VLR appliance

Sheet Mgmt+WLD → Fleet
A1: AES-220 | Firewall Rules | Management Domain & WLD ESXi → Fleet
A2: Source IP and Destination IP auto-populate from 'IP Input Sheet'. Fill in IPs there first.
A3: # | B3: Rule Name | C3: Source Component | D3: Source IP / Subnet | E3: Destination Component | F3: Destination IP / Subnet | G3: Port | H3: Protocol | I3: Service / Application | J3: Action | K3: Firewall Type | L3: Flow Direction | M3: Notes
A4: MF-01 | B4: vCenter → Fleet Mgr (HTTPS) | C4: vCenter Server | D4: =IFERROR(IF('IP Input Sheet'!D13<>"",'IP Input Sheet'!D13,IF('IP Input Sheet'!E13<>"",'IP Input Sheet'!E13,'IP Input Sheet'!F13)),"[Enter IP]") -> 10.3.118.18 | E4: VCF Ops Fleet Manager | F4: =IFERROR(IF('IP Input Sheet'!D5<>"",'IP Input Sheet'!D5,IF('IP Input Sheet'!E5<>"",'IP Input Sheet'!E5,'IP Input Sheet'!F5)),"[Enter IP]") -> 10.5.25.86 | G4: 443 | H4: TCP | I4: Core APIs/HTTPS lifecycle+orchestration | J4: Allow | K4: Gateway FW | L4: Outbound | M4: Ticket req #4 Mgmt→Fleet
A5: MF-02 | B5: vCenter → VCFO (API) | C5: vCenter Server | D5: =IFERROR(IF('IP Input Sheet'!D13<>"",'IP Input Sheet'!D13,IF('IP Input Sheet'!E13<>"",'IP Input Sheet'!E13,'IP Input Sheet'!F13)),"[Enter IP]") -> 10.3.118.18 | E5: VCF Operations (VCFO) | F5: =IFERROR(IF('IP Input Sheet'!D6<>"",'IP Input Sheet'!D6,IF('IP Input Sheet'!E6<>"",'IP Input Sheet'!E6,'IP Input Sheet'!F6)),"[Enter IP]") -> 10.5.25.64/26 | G5: 443 | H5: TCP | I5: API comms bidirectional | J5: Allow | K5: Gateway FW | L5: Bidirectional
A6: MF-03 | B6: vCenter → VCFO (node mgr) | C6: vCenter Server | D6: =IFERROR(IF('IP Input Sheet'!D13<>"",'IP Input Sheet'!D13,IF('IP Input Sheet'!E13<>"",'IP Input Sheet'!E13,'IP Input Sheet'!F13)),"[Enter IP]") -> 10.3.118.18 | E6: VCF Operations (VCFO) | F6: =IFERROR(IF('IP Input Sheet'!D6<>"",'IP Input Sheet'!D6,IF('IP Input Sheet'!E6<>"",'IP Input Sheet'!E6,'IP Input Sheet'!F6)),"[Enter IP]") -> 10.5.25.64/26 | G6: 8443 | H6: TCP | I6: Node Manager | J6: Allow | K6: Gateway FW | L6: Outbound
A7: MF-04 | B7: vCenter → VCFA (API) | C7: vCenter Server | D7: =IFERROR(IF('IP Input Sheet'!D13<>"",'IP Input Sheet'!D13,IF('IP Input Sheet'!E13<>"",'IP Input Sheet'!E13,'IP Input Sheet'!F13)),"[Enter IP]") -> 10.3.118.18 | E7: VCF Automation (VCFA) | F7: =IFERROR(IF('IP Input Sheet'!D7<>"",'IP Input Sheet'!D7,IF('IP Input Sheet'!E7<>"",'IP Input Sheet'!E7,'IP Input Sheet'!F7)),"[Enter IP]") -> 10.5.25.64/26 | G7: 443 | H7: TCP | I7: API bidirectional | J7: Allow | K7: Gateway FW | L7: Bidirectional
A8: MF-05 | B8: vCenter → VOL (syslog) | C8: vCenter Server | D8: =IFERROR(IF('IP Input Sheet'!D13<>"",'IP Input Sheet'!D13,IF('IP Input Sheet'!E13<>"",'IP Input Sheet'!E13,'IP Input Sheet'!F13)),"[Enter IP]") -> 10.3.118.18 | E8: VCF Operations for Logs | F8: =IFERROR(IF('IP Input Sheet'!D8<>"",'IP Input Sheet'!D8,IF('IP Input Sheet'!E8<>"",'IP Input Sheet'!E8,'IP Input Sheet'!F8)),"[Enter IP]") -> 10.5.25.64/26 | G8: 514 | H8: TCP/UDP | I8: Syslog remote logging | J8: Allow | K8: Gateway FW | L8: Outbound
A9: MF-06 | B9: vCenter → VOL (syslog TLS) | C9: vCenter Server | D9: =IFERROR(IF('IP Input Sheet'!D13<>"",'IP Input Sheet'!D13,IF('IP Input Sheet'!E13<>"",'IP Input Sheet'!E13,'IP Input Sheet'!F13)),"[Enter IP]") -> 10.3.118.18 | E9: VCF Operations for Logs | F9: =IFERROR(IF('IP Input Sheet'!D8<>"",'IP Input Sheet'!D8,IF('IP Input Sheet'!E8<>"",'IP Input Sheet'!E8,'IP Input Sheet'!F8)),"[Enter IP]") -> 10.5.25.64/26 | G9: 1514 | H9: TCP | I9: Syslog over TLS | J9: Allow | K9: Gateway FW | L9: Outbound
A10: MF-07 | B10: vCenter → VON (IPFIX) | C10: vCenter Server | D10: =IFERROR(IF('IP Input Sheet'!D13<>"",'IP Input Sheet'!D13,IF('IP Input Sheet'!E13<>"",'IP Input Sheet'!E13,'IP Input Sheet'!F13)),"[Enter IP]") -> 10.3.118.18 | E10: VCF Ops for Networks | F10: =IFERROR(IF('IP Input Sheet'!D9<>"",'IP Input Sheet'!D9,IF('IP Input Sheet'!E9<>"",'IP Input Sheet'!E9,'IP Input Sheet'!F9)),"[Enter IP]") -> 10.5.25.64/26 | G10: 2055 | H10: UDP | I10: IPFIX flow data vDS→NSX | J10: Allow | K10: Gateway FW | L10: Outbound | M10: vDS distributed switches send IPFIX
A11: MF-08 | B11: NSX Manager → VCFO (API) | C11: NSX Manager | D11: =IFERROR(IF('IP Input Sheet'!D14<>"",'IP Input Sheet'!D14,IF('IP Input Sheet'!E14<>"",'IP Input Sheet'!E14,'IP Input Sheet'!F14)),"[Enter IP]") -> 10.3.118.0/24 | E11: VCF Operations (VCFO) | F11: =IFERROR(IF('IP Input Sheet'!D6<>"",'IP Input Sheet'!D6,IF('IP Input Sheet'!E6<>"",'IP Input Sheet'!E6,'IP Input Sheet'!F6)),"[Enter IP]") -> 10.5.25.64/26 | G11: 443 | H11: TCP | I11: API/inventory collection | J11: Allow | K11: Gateway FW | L11: Outbound
A12: MF-09 | B12: NSX Mgr → VOL (syslog) | C12: NSX Manager | D12: =IFERROR(IF('IP Input Sheet'!D14<>"",'IP Input Sheet'!D14,IF('IP Input Sheet'!E14<>"",'IP Input Sheet'!E14,'IP Input Sheet'!F14)),"[Enter IP]") -> 10.3.118.0/24 | E12: VCF Operations for Logs | F12: =IFERROR(IF('IP Input Sheet'!D8<>"",'IP Input Sheet'!D8,IF('IP Input Sheet'!E8<>"",'IP Input Sheet'!E8,'IP Input Sheet'!F8)),"[Enter IP]") -> 10.5.25.64/26 | G12: 514 | H12: TCP/UDP | I12: NSX node syslog | J12: Allow | K12: Gateway FW | L12: Outbound
A13: MF-10 | B13: NSX Mgr → VOL (syslog TLS) | C13: NSX Manager | D13: =IFERROR(IF('IP Input Sheet'!D14<>"",'IP Input Sheet'!D14,IF('IP Input Sheet'!E14<>"",'IP Input Sheet'!E14,'IP Input Sheet'!F14)),"[Enter IP]") -> 10.3.118.0/24 | E13: VCF Operations for Logs | F13: =IFERROR(IF('IP Input Sheet'!D8<>"",'IP Input Sheet'!D8,IF('IP Input Sheet'!E8<>"",'IP Input Sheet'!E8,'IP Input Sheet'!F8)),"[Enter IP]") -> 10.5.25.64/26 | G13: 6514 | H13: TCP | I13: Syslog over TLS | J13: Allow | K13: Gateway FW | L13: Outbound
A14: MF-11 | B14: SDDC Mgr → Fleet Mgr (HTTPS) | C14: SDDC Manager | D14: =IFERROR(IF('IP Input Sheet'!D16<>"",'IP Input Sheet'!D16,IF('IP Input Sheet'!E16<>"",'IP Input Sheet'!E16,'IP Input Sheet'!F16)),"[Enter IP]") -> 10.3.118.30 | E14: VCF Ops Fleet Manager | F14: =IFERROR(IF('IP Input Sheet'!D5<>"",'IP Input Sheet'!D5,IF('IP Input Sheet'!E5<>"",'IP Input Sheet'!E5,'IP Input Sheet'!F5)),"[Enter IP]") -> 10.5.25.86 | G14: 443 | H14: TCP | I14: HTTPS+API — fleet orchestration | J14: Allow | K14: Gateway FW | L14: Outbound
A15: MF-12 | B15: SDDC Mgr → Fleet Mgr (SSH) | C15: SDDC Manager | D15: =IFERROR(IF('IP Input Sheet'!D16<>"",'IP Input Sheet'!D16,IF('IP Input Sheet'!E16<>"",'IP Input Sheet'!E16,'IP Input Sheet'!F16)),"[Enter IP]") -> 10.3.118.30 | E15: VCF Ops Fleet Manager | F15: =IFERROR(IF('IP Input Sheet'!D5<>"",'IP Input Sheet'!D5,IF('IP Input Sheet'!E5<>"",'IP Input Sheet'!E5,'IP Input Sheet'!F5)),"[Enter IP]") -> 10.5.25.86 | G15: 22 | H15: TCP | I15: SSH — deployment+troubleshooting | J15: Allow | K15: Gateway FW | L15: Outbound | M15: Admin restrict to jump host
A16: MF-13 | B16: SDDC Mgr → VCFA (HTTPS) | C16: SDDC Manager | D16: =IFERROR(IF('IP Input Sheet'!D16<>"",'IP Input Sheet'!D16,IF('IP Input Sheet'!E16<>"",'IP Input Sheet'!E16,'IP Input Sheet'!F16)),"[Enter IP]") -> 10.3.118.30 | E16: VCF Automation (VCFA) | F16: =IFERROR(IF('IP Input Sheet'!D7<>"",'IP Input Sheet'!D7,IF('IP Input Sheet'!E7<>"",'IP Input Sheet'!E7,'IP Input Sheet'!F7)),"[Enter IP]") -> 10.5.25.64/26 | G16: 443 | H16: TCP | I16: API access management | J16: Allow | K16: Gateway FW | L16: Outbound
A17: MF-14 | B17: SDDC Mgr → VCFA (SSH) | C17: SDDC Manager | D17: =IFERROR(IF('IP Input Sheet'!D16<>"",'IP Input Sheet'!D16,IF('IP Input Sheet'!E16<>"",'IP Input Sheet'!E16,'IP Input Sheet'!F16)),"[Enter IP]") -> 10.3.118.30 | E17: VCF Automation (VCFA) | F17: =IFERROR(IF('IP Input Sheet'!D7<>"",'IP Input Sheet'!D7,IF('IP Input Sheet'!E7<>"",'IP Input Sheet'!E7,'IP Input Sheet'!F7)),"[Enter IP]") -> 10.5.25.64/26 | G17: 22 | H17: TCP | I17: SSH cluster nodes | J17: Allow | K17: Gateway FW | L17: Outbound | M17: Admin restrict to jump host
A18: MF-15 | B18: SDDC Mgr → VCFO (HTTPS) | C18: SDDC Manager | D18: =IFERROR(IF('IP Input Sheet'!D16<>"",'IP Input Sheet'!D16,IF('IP Input Sheet'!E16<>"",'IP Input Sheet'!E16,'IP Input Sheet'!F16)),"[Enter IP]") -> 10.3.118.30 | E18: VCF Operations (VCFO) | F18: =IFERROR(IF('IP Input Sheet'!D6<>"",'IP Input Sheet'!D6,IF('IP Input Sheet'!E6<>"",'IP Input Sheet'!E6,'IP Input Sheet'!F6)),"[Enter IP]") -> 10.5.25.64/26 | G18: 443 | H18: TCP | I18: API access cluster+nodes | J18: Allow | K18: Gateway FW | L18: Outbound
A19: MF-16 | B19: SDDC Mgr → VCFO (SSH) | C19: SDDC Manager | D19: =IFERROR(IF('IP Input Sheet'!D16<>"",'IP Input Sheet'!D16,IF('IP Input Sheet'!E16<>"",'IP Input Sheet'!E16,'IP Input Sheet'!F16)),"[Enter IP]") -> 10.3.118.30 | E19: VCF Operations (VCFO) | F19: =IFERROR(IF('IP Input Sheet'!D6<>"",'IP Input Sheet'!D6,IF('IP Input Sheet'!E6<>"",'IP Input Sheet'!E6,'IP Input Sheet'!F6)),"[Enter IP]") -> 10.5.25.64/26 | G19: 22 | H19: TCP | I19: SSH cluster+collector nodes | J19: Allow | K19: Gateway FW | L19: Outbound | M19: Admin restrict to jump host
A20: MF-17 | B20: SDDC Mgr → VOL (syslog) | C20: SDDC Manager | D20: =IFERROR(IF('IP Input Sheet'!D16<>"",'IP Input Sheet'!D16,IF('IP Input Sheet'!E16<>"",'IP Input Sheet'!E16,'IP Input Sheet'!F16)),"[Enter IP]") -> 10.3.118.30 | E20: VCF Operations for Logs | F20: =IFERROR(IF('IP Input Sheet'!D8<>"",'IP Input Sheet'!D8,IF('IP Input Sheet'!E8<>"",'IP Input Sheet'!E8,'IP Input Sheet'!F8)),"[Enter IP]") -> 10.5.25.64/26 | G20: 514 | H20: TCP | I20: Syslog based logging | J20: Allow | K20: Gateway FW | L20: Outbound
A21: MF-18 | B21: SDDC Mgr → VOL (9000) | C21: SDDC Manager | D21: =IFERROR(IF('IP Input Sheet'!D16<>"",'IP Input Sheet'!D16,IF('IP Input Sheet'!E16<>"",'IP Input Sheet'!E16,'IP Input Sheet'!F16)),"[Enter IP]") -> 10.3.118.30 | E21: VCF Operations for Logs | F21: =IFERROR(IF('IP Input Sheet'!D8<>"",'IP Input Sheet'!D8,IF('IP Input Sheet'!E8<>"",'IP Input Sheet'!E8,'IP Input Sheet'!F8)),"[Enter IP]") -> 10.5.25.64/26 | G21: 9000 | H21: TCP | I21: Log ingestion API CFAPI unencrypted | J21: Allow | K21: Gateway FW | L21: Outbound
A22: MF-19 | B22: SDDC Mgr → VOL (HTTPS) | C22: SDDC Manager | D22: =IFERROR(IF('IP Input Sheet'!D16<>"",'IP Input Sheet'!D16,IF('IP Input Sheet'!E16<>"",'IP Input Sheet'!E16,'IP Input Sheet'!F16)),"[Enter IP]") -> 10.3.118.30 | E22: VCF Operations for Logs | F22: =IFERROR(IF('IP Input Sheet'!D8<>"",'IP Input Sheet'!D8,IF('IP Input Sheet'!E8<>"",'IP Input Sheet'!E8,'IP Input Sheet'!F8)),"[Enter IP]") -> 10.5.25.64/26 | G22: 443 | H22: TCP | I22: Logs cluster VIP+nodes | J22: Allow | K22: Gateway FW | L22: Outbound
A23: MF-20 | B23: SDDC Mgr → VOL (9543) | C23: SDDC Manager | D23: =IFERROR(IF('IP Input Sheet'!D16<>"",'IP Input Sheet'!D16,IF('IP Input Sheet'!E16<>"",'IP Input Sheet'!E16,'IP Input Sheet'!F16)),"[Enter IP]") -> 10.3.118.30 | E23: VCF Operations for Logs | F23: =IFERROR(IF('IP Input Sheet'!D8<>"",'IP Input Sheet'!D8,IF('IP Input Sheet'!E8<>"",'IP Input Sheet'!E8,'IP Input Sheet'!F8)),"[Enter IP]") -> 10.5.25.64/26 | G23: 9543 | H23: TCP | I23: API access management ops | J23: Allow | K23: Gateway FW | L23: Outbound
A24: MF-21 | B24: SDDC Mgr → VIDB (HTTPS) | C24: SDDC Manager | D24: =IFERROR(IF('IP Input Sheet'!D16<>"",'IP Input Sheet'!D16,IF('IP Input Sheet'!E16<>"",'IP Input Sheet'!E16,'IP Input Sheet'!F16)),"[Enter IP]") -> 10.3.118.30 | E24: Identity Broker (VIDB) | F24: =IFERROR(IF('IP Input Sheet'!D10<>"",'IP Input Sheet'!D10,IF('IP Input Sheet'!E10<>"",'IP Input Sheet'!E10,'IP Input Sheet'!F10)),"[Enter IP]") -> 10.3.118.0/24 | G24: 443 | H24: TCP | I24: VCF SSO API — SDDC Mgr auth | J24: Allow | K24: Gateway FW | L24: Outbound | M24: Critical SSO dependency
A25: MF-22 | B25: SDDC Mgr → VIDB (SSH) | C25: SDDC Manager | D25: =IFERROR(IF('IP Input Sheet'!D16<>"",'IP Input Sheet'!D16,IF('IP Input Sheet'!E16<>"",'IP Input Sheet'!E16,'IP Input Sheet'!F16)),"[Enter IP]") -> 10.3.118.30 | E25: Identity Broker (VIDB) | F25: =IFERROR(IF('IP Input Sheet'!D10<>"",'IP Input Sheet'!D10,IF('IP Input Sheet'!E10<>"",'IP Input Sheet'!E10,'IP Input Sheet'!F10)),"[Enter IP]") -> 10.3.118.0/24 | G25: 22 | H25: TCP | I25: SSH SSO bringup ops | J25: Allow | K25: Gateway FW | L25: Outbound | M25: Admin — restrict to jump host
A26: MF-23 | B26: ESXi → VOL (syslog) | C26: ESXi Hosts (WLD) | D26: =IFERROR(IF('IP Input Sheet'!D54<>"",'IP Input Sheet'!D54,IF('IP Input Sheet'!E54<>"",'IP Input Sheet'!E54,'IP Input Sheet'!F54)),"[Enter IP]") -> 10.3.118.0/24 | E26: VCF Operations for Logs | F26: =IFERROR(IF('IP Input Sheet'!D8<>"",'IP Input Sheet'!D8,IF('IP Input Sheet'!E8<>"",'IP Input Sheet'!E8,'IP Input Sheet'!F8)),"[Enter IP]") -> 10.5.25.64/26 | G26: 514 | H26: TCP/UDP | I26: vSphere host syslog to VOL | J26: Allow | K26: Gateway FW | L26: Outbound | M26: Ticket req #4 — ESXi→Fleet
A27: MF-24 | B27: ESXi → VOL (syslog TLS) | C27: ESXi Hosts (WLD) | D27: =IFERROR(IF('IP Input Sheet'!D54<>"",'IP Input Sheet'!D54,IF('IP Input Sheet'!E54<>"",'IP Input Sheet'!E54,'IP Input Sheet'!F54)),"[Enter IP]") -> 10.3.118.0/24 | E27: VCF Operations for Logs | F27: =IFERROR(IF('IP Input Sheet'!D8<>"",'IP Input Sheet'!D8,IF('IP Input Sheet'!E8<>"",'IP Input Sheet'!E8,'IP Input Sheet'!F8)),"[Enter IP]") -> 10.5.25.64/26 | G27: 1514 | H27: TCP | I27: Secure syslog over TLS | J27: Allow | K27: Gateway FW | L27: Outbound
A28: MF-25 | B28: ESXi → VON (IPFIX) | C28: ESXi Hosts (WLD) | D28: =IFERROR(IF('IP Input Sheet'!D54<>"",'IP Input Sheet'!D54,IF('IP Input Sheet'!E54<>"",'IP Input Sheet'!E54,'IP Input Sheet'!F54)),"[Enter IP]") -> 10.3.118.0/24 | E28: VCF Ops for Networks | F28: =IFERROR(IF('IP Input Sheet'!D9<>"",'IP Input Sheet'!D9,IF('IP Input Sheet'!E9<>"",'IP Input Sheet'!E9,'IP Input Sheet'!F9)),"[Enter IP]") -> 10.5.25.64/26 | G28: 4739 | H28: TCP/UDP | I28: IPFIX flow export from ESXi | J28: Allow | K28: Gateway FW | L28: Outbound
A29: MF-26 | B29: ESXi (Mgmt) → VOL (syslog) | C29: ESXi Hosts (Mgmt Domain) | D29: =IFERROR(IF('IP Input Sheet'!D18<>"",'IP Input Sheet'!D18,IF('IP Input Sheet'!E18<>"",'IP Input Sheet'!E18,'IP Input Sheet'!F18)),"[Enter IP]") -> 10.3.118.0/24 | E29: VCF Operations for Logs | F29: =IFERROR(IF('IP Input Sheet'!D8<>"",'IP Input Sheet'!D8,IF('IP Input Sheet'!E8<>"",'IP Input Sheet'!E8,'IP Input Sheet'!F8)),"[Enter IP]") -> 10.5.25.64/26 | G29: 514 | H29: TCP/UDP | I29: Mgmt domain ESXi syslog | J29: Allow | K29: Gateway FW | L29: Outbound
A30: MF-27 | B30: ESXi (Mgmt) → VOL (TLS) | C30: ESXi Hosts (Mgmt Domain) | D30: =IFERROR(IF('IP Input Sheet'!D18<>"",'IP Input Sheet'!D18,IF('IP Input Sheet'!E18<>"",'IP Input Sheet'!E18,'IP Input Sheet'!F18)),"[Enter IP]") -> 10.3.118.0/24 | E30: VCF Operations for Logs | F30: =IFERROR(IF('IP Input Sheet'!D8<>"",'IP Input Sheet'!D8,IF('IP Input Sheet'!E8<>"",'IP Input Sheet'!E8,'IP Input Sheet'!F8)),"[Enter IP]") -> 10.5.25.64/26 | G30: 1514 | H30: TCP | I30: Secure syslog TLS | J30: Allow | K30: Gateway FW | L30: Outbound
A31: MF-28 | B31: ICMP All → Fleet (reachability) | C31: All Mgmt Domain Components | D31: =IFERROR(IF('IP Input Sheet'!D18<>"",'IP Input Sheet'!D18,IF('IP Input Sheet'!E18<>"",'IP Input Sheet'!E18,'IP Input Sheet'!F18)),"[Enter IP]") -> 10.3.118.0/24 | E31: All Fleet Components | F31: [All Fleet IPs] | G31: ICMP | H31: ICMP | I31: IP reachability — ping/traceroute | J31: Allow | K31: Gateway FW | L31: Bidirectional | M31: ALL Fleet-level & VCF instance-level — mandatory
A32: MF-29 | B32: VON Collector → VON (HTTPS) | C32: VCF OPS Network Collector (M7) | D32: =IFERROR(IF('IP Input Sheet'!D19<>"",'IP Input Sheet'!D19,IF('IP Input Sheet'!E19<>"",'IP Input Sheet'!E19,'IP Input Sheet'!F19)),"[Enter IP]") -> 10.3.118.101 | E32: VCF Ops for Networks (VON) | F32: =IFERROR(IF('IP Input Sheet'!D9<>"",'IP Input Sheet'!D9,IF('IP Input Sheet'!E9<>"",'IP Input Sheet'!E9,'IP Input Sheet'!F9)),"[Enter IP]") -> 10.5.25.64/26 | G32: 443 | H32: TCP | I32: Collector → VON bidirectional API | J32: Allow | K32: Gateway FW | L32: Outbound | M32: M7 — added per Raju
A33: MF-30 | B33: VON Collector → NSX Manager | C33: VCF OPS Network Collector (M7) | D33: =IFERROR(IF('IP Input Sheet'!D19<>"",'IP Input Sheet'!D19,IF('IP Input Sheet'!E19<>"",'IP Input Sheet'!E19,'IP Input Sheet'!F19)),"[Enter IP]") -> 10.3.118.101 | E33: NSX Manager | F33: =IFERROR(IF('IP Input Sheet'!D14<>"",'IP Input Sheet'!D14,IF('IP Input Sheet'!E14<>"",'IP Input Sheet'!E14,'IP Input Sheet'!F14)),"[Enter IP]") -> 10.3.118.0/24 | G33: 443 | H33: TCP | I33: Collector pulls NSX flow/topology data | J33: Allow | K33: Gateway FW | L33: Outbound | M33: M7 — per Raju
A34: MF-31 | B34: VON Collector → vCenter | C34: VCF OPS Network Collector (M7) | D34: =IFERROR(IF('IP Input Sheet'!D19<>"",'IP Input Sheet'!D19,IF('IP Input Sheet'!E19<>"",'IP Input Sheet'!E19,'IP Input Sheet'!F19)),"[Enter IP]") -> 10.3.118.101 | E34: vCenter Server | F34: =IFERROR(IF('IP Input Sheet'!D13<>"",'IP Input Sheet'!D13,IF('IP Input Sheet'!E13<>"",'IP Input Sheet'!E13,'IP Input Sheet'!F13)),"[Enter IP]") -> 10.3.118.18 | G34: 443 | H34: TCP | I34: Collector pulls vCenter inventory | J34: Allow | K34: Gateway FW | L34: Outbound | M34: M7 — per Raju
A35: MF-32 | B35: SDDC Mgr → VON Collector | C35: SDDC Manager | D35: =IFERROR(IF('IP Input Sheet'!D16<>"",'IP Input Sheet'!D16,IF('IP Input Sheet'!E16<>"",'IP Input Sheet'!E16,'IP Input Sheet'!F16)),"[Enter IP]") -> 10.3.118.30 | E35: VCF OPS Network Collector (M7) | F35: =IFERROR(IF('IP Input Sheet'!D19<>"",'IP Input Sheet'!D19,IF('IP Input Sheet'!E19<>"",'IP Input Sheet'!E19,'IP Input Sheet'!F19)),"[Enter IP]") -> 10.3.118.101 | G35: 443 | H35: TCP | I35: SDDC lifecycle management of collector | J35: Allow | K35: Gateway FW | L35: Outbound | M35: M7 — per Raju
A36: NSX FEDERATION INTER-SITE RULES (LM ↔ GM) — Added per NSX team requirement
A37: FED-02 | B37: NSX LM → NSX GM — API Sync (reverse) | C37: NSX Local Manager (M2) | D37: =IFERROR(IF('IP Input Sheet'!D14<>"",'IP Input Sheet'!D14,IF('IP Input Sheet'!E14<>"",'IP Input Sheet'!E14,'IP Input Sheet'!F14)),"[Enter IP]") -> 10.3.118.0/24 | E37: NSX Global Manager (M3) | F37: =IFERROR(IF('IP Input Sheet'!D15<>"",'IP Input Sheet'!D15,IF('IP Input Sheet'!E15<>"",'IP Input Sheet'!E15,'IP Input Sheet'!F15)),"[Enter IP]") -> 10.3.118.0/24 | G37: 443 | H37: TCP | I37: API & Management Plane synchronisation — LM status reporting to GM | J37: Allow | K37: Gateway FW | L37: Outbound | M37: LM→GM TCP 443 bidirectional with FED-01
A38: FED-04 | B38: NSX LM → NSX GM — Async Replication (reverse) | C38: NSX Local Manager (M2) | D38: =IFERROR(IF('IP Input Sheet'!D14<>"",'IP Input Sheet'!D14,IF('IP Input Sheet'!E14<>"",'IP Input Sheet'!E14,'IP Input Sheet'!F14)),"[Enter IP]") -> 10.3.118.0/24 | E38: NSX Global Manager (M3) | F38: =IFERROR(IF('IP Input Sheet'!D15<>"",'IP Input Sheet'!D15,IF('IP Input Sheet'!E15<>"",'IP Input Sheet'!E15,'IP Input Sheet'!F15)),"[Enter IP]") -> 10.3.118.0/24 | G38: 1236 | H38: TCP | I38: Asynchronous Replication acknowledgement — LM confirms receipt to GM | J38: Allow | K38: Gateway FW | L38: Outbound | M38: TCP 1236 bidirectional with FED-03 — CRITICAL
A39: FED-01 | B39: NSX GM → LM TCP 443 (API + Mgmt Plane Sync) | C39: NSX Global Manager (M3) | D39: =IFERROR(IF('IP Input Sheet'!D15<>"",'IP Input Sheet'!D15,IF('IP Input Sheet'!E15<>"",'IP Input Sheet'!E15,'IP Input Sheet'!F15)),"[Enter IP]") -> 10.3.118.0/24 | E39: NSX Local Manager (M2) | F39: =IFERROR(IF('IP Input Sheet'!D14<>"",'IP Input Sheet'!D14,IF('IP Input Sheet'!E14<>"",'IP Input Sheet'!E14,'IP Input Sheet'!F14)),"[Enter IP]") -> 10.3.118.0/24 | G39: 443 | H39: TCP | I39: NSX Federation — API & Management Plane Synchronisation GM→LM | J39: Allow | K39: Gateway FW | L39: Bidirectional | M39: NSX Federation note: Federation port — GM pushes policy to LM. Required per AZ.
A40: FED-02 | B40: NSX LM → GM TCP 443 (reverse sync) | C40: NSX Local Manager (M2) | D40: =IFERROR(IF('IP Input Sheet'!D14<>"",'IP Input Sheet'!D14,IF('IP Input Sheet'!E14<>"",'IP Input Sheet'!E14,'IP Input Sheet'!F14)),"[Enter IP]") -> 10.3.118.0/24 | E40: NSX Global Manager (M3) | F40: =IFERROR(IF('IP Input Sheet'!D15<>"",'IP Input Sheet'!D15,IF('IP Input Sheet'!E15<>"",'IP Input Sheet'!E15,'IP Input Sheet'!F15)),"[Enter IP]") -> 10.3.118.0/24 | G40: 443 | H40: TCP | I40: NSX Federation — API & Management Plane Sync LM→GM (return path) | J40: Allow | K40: Gateway FW | L40: Bidirectional | M40: NSX Federation note: Bidirectional — LM must also reach GM on 443.
A41: FED-03 | B41: NSX GM → LM TCP 1236 (Async Replication) ⚠️ MISSING | C41: NSX Global Manager (M3) | D41: =IFERROR(IF('IP Input Sheet'!D15<>"",'IP Input Sheet'!D15,IF('IP Input Sheet'!E15<>"",'IP Input Sheet'!E15,'IP Input Sheet'!F15)),"[Enter IP]") -> 10.3.118.0/24 | E41: NSX Local Manager (M2) | F41: =IFERROR(IF('IP Input Sheet'!D14<>"",'IP Input Sheet'!D14,IF('IP Input Sheet'!E14<>"",'IP Input Sheet'!E14,'IP Input Sheet'!F14)),"[Enter IP]") -> 10.3.118.0/24 | G41: 1236 | H41: TCP | I41: NSX Federation — Asynchronous Replication. Core engine pushing Global config from GM to all LMs. WITHOUT THIS FEDERATION WILL NOT SYNC. | J41: Allow | K41: Gateway FW | L41: Bidirectional | M41: NSX Federation note: TCP 1236 was MISSING — added per NSX team 23/03/2026. WHITELIST IMMEDIATELY.
A42: FED-04 | B42: NSX LM → GM TCP 1236 (Async Replication return) | C42: NSX Local Manager (M2) | D42: =IFERROR(IF('IP Input Sheet'!D14<>"",'IP Input Sheet'!D14,IF('IP Input Sheet'!E14<>"",'IP Input Sheet'!E14,'IP Input Sheet'!F14)),"[Enter IP]") -> 10.3.118.0/24 | E42: NSX Global Manager (M3) | F42: =IFERROR(IF('IP Input Sheet'!D15<>"",'IP Input Sheet'!D15,IF('IP Input Sheet'!E15<>"",'IP Input Sheet'!E15,'IP Input Sheet'!F15)),"[Enter IP]") -> 10.3.118.0/24 | G42: 1236 | H42: TCP | I42: NSX Federation — Async Replication return path LM→GM | J42: Allow | K42: Gateway FW | L42: Bidirectional | M42: NSX Federation note: Bidirectional — both directions required for AR sync.
A43: FED-05 | B43: NSX Edge → Remote Edge TCP 179 (Inter-SR BGP) | C43: NSX Edge Node (local) | D43: =IFERROR(IF('IP Input Sheet'!D22<>"",'IP Input Sheet'!D22,IF('IP Input Sheet'!E22<>"",'IP Input Sheet'!E22,'IP Input Sheet'!F22)),"[Enter IP]") -> 10.3.111.101 | E43: NSX Remote Edge Node | F43: =IFERROR(IF('IP Input Sheet'!D26<>"",'IP Input Sheet'!D26,IF('IP Input Sheet'!E26<>"",'IP Input Sheet'!E26,'IP Input Sheet'!F26)),"[Enter IP]") -> 10.3.111.133 | G43: 179 | H43: TCP | I43: NSX Federation — Inter-Site BGP between Service Routers across AZs. Used for routing updates between locations. | J43: Allow | K43: Gateway FW | L43: Bidirectional | M43: NSX Federation note: Inter-SR BGP — separate from Edge→ToR BGP. Cross-AZ Service Router routing.
A44: FED-06 | B44: NSX Edge → Remote Edge UDP 6081 (GENEVE cross-AZ) | C44: NSX Edge Node RTEP (local) | D44: =IFERROR(IF('IP Input Sheet'!D31<>"",'IP Input Sheet'!D31,IF('IP Input Sheet'!E31<>"",'IP Input Sheet'!E31,'IP Input Sheet'!F31)),"[Enter IP]") -> 10.5.22.0/24 | E44: NSX Remote Edge Node RTEP | F44: =IFERROR(IF('IP Input Sheet'!D31<>"",'IP Input Sheet'!D31,IF('IP Input Sheet'!E31<>"",'IP Input Sheet'!E31,'IP Input Sheet'!F31)),"[Enter IP]") -> 10.5.22.0/24 | G44: 6081 | H44: UDP | I44: NSX Federation — GENEVE overlay for stretched logical segments across AZs via RTEP VLAN 2605. | J44: Allow | K44: Gateway FW | L44: Bidirectional | M44: NSX Federation note: Already covered as TEP-03 but added here explicitly as Federation requirement. MTU 1700+ required.
A45: VAMI-05 | B45: vCenter VAMI ↔ Fleet Mgr (5480 bidirectional) | C45: vCenter Server (VAMI) | D45: =IFERROR(IF('IP Input Sheet'!D13<>"",'IP Input Sheet'!D13,IF('IP Input Sheet'!E13<>"",'IP Input Sheet'!E13,'IP Input Sheet'!F13)),"[Enter IP]") -> 10.3.118.18 | E45: VCF Operations Fleet Manager | F45: =IFERROR(IF('IP Input Sheet'!D5<>"",'IP Input Sheet'!D5,IF('IP Input Sheet'!E5<>"",'IP Input Sheet'!E5,'IP Input Sheet'!F5)),"[Enter IP]") -> 10.5.25.86 | G45: 5480 | H45: TCP | I45: VAMI bidirectional — appliance management response path | J45: Allow | K45: Gateway FW | L45: Bidirectional | M45: Port note: Port 5480 VAMI — bidirectional between all appliances and management components
A46: VAMI-06 | B46: SDDC Manager → All Appliances VAMI (5480) | C46: SDDC Manager | D46: =IFERROR(IF('IP Input Sheet'!D16<>"",'IP Input Sheet'!D16,IF('IP Input Sheet'!E16<>"",'IP Input Sheet'!E16,'IP Input Sheet'!F16)),"[Enter IP]") -> 10.3.118.30 | E46: All VCF Appliances (vCenter/NSX/VOL) | F46: =IFERROR(IF('IP Input Sheet'!D13<>"",'IP Input Sheet'!D13,IF('IP Input Sheet'!E13<>"",'IP Input Sheet'!E13,'IP Input Sheet'!F13)),"[Enter IP]") -> 10.3.118.18 | G46: 5480 | H46: TCP | I46: SDDC Mgr lifecycle — primary lifecycle manager for all VCF appliances via VAMI | J46: Allow | K46: Gateway FW | L46: Outbound | M46: Port note: Port 5480 — SDDC Mgr drives all appliance lifecycle via VAMI interface
A47: VAMI-07 | B47: ESXi Hosts → vCenter VAMI (5480) | C47: ESXi Hosts (Mgmt Domain) | D47: =IFERROR(IF('IP Input Sheet'!D18<>"",'IP Input Sheet'!D18,IF('IP Input Sheet'!E18<>"",'IP Input Sheet'!E18,'IP Input Sheet'!F18)),"[Enter IP]") -> 10.3.118.0/24 | E47: vCenter Server (VAMI) | F47: =IFERROR(IF('IP Input Sheet'!D13<>"",'IP Input Sheet'!D13,IF('IP Input Sheet'!E13<>"",'IP Input Sheet'!E13,'IP Input Sheet'!F13)),"[Enter IP]") -> 10.3.118.18 | G47: 5480 | H47: TCP | I47: ESXi host provisioning and management traffic to vCenter VAMI | J47: Allow | K47: Gateway FW | L47: Outbound | M47: Port note: Port 5480 — ESXi hosts communicate with vCenter VAMI during provisioning
A48: SRM-03 | B48: PSC/vCenter → SRM Listener (9086) | C48: PSC/vCenter (sfoMGMT-1-1-PSC1.test.net) | D48: =IFERROR(IF('IP Input Sheet'!D13<>"",'IP Input Sheet'!D13,IF('IP Input Sheet'!E13<>"",'IP Input Sheet'!E13,'IP Input Sheet'!F13)),"[Enter IP]") -> 10.3.118.18 | E48: SRM Listener (Local Host 192.168.188.1) | F48: =IFERROR(IF('IP Input Sheet'!D20<>"",'IP Input Sheet'!D20,IF('IP Input Sheet'!E20<>"",'IP Input Sheet'!E20,'IP Input Sheet'!F20)),"[Enter IP]") -> 192.168.188.1 | G48: 9086 | H48: TCP | I48: PSC SSO/vCenter registers with SRM for site protection on port 9086 | J48: Allow | K48: Gateway FW | L48: Bidirectional | M48: Port note: PSC sfoMGMT-1-1-PSC1.test.net, admin=administrator@vsphere.local. Port 9086.
A49: SRM-04 | B49: SRM → Remote Site vCenter (9086 outbound) | C49: SRM / vSphere Replication (M8) | D49: =IFERROR(IF('IP Input Sheet'!D20<>"",'IP Input Sheet'!D20,IF('IP Input Sheet'!E20<>"",'IP Input Sheet'!E20,'IP Input Sheet'!F20)),"[Enter IP]") -> 192.168.188.1 | E49: Remote Site vCenter / SRM | F49: [Remote vCenter IP] | G49: 9086 | H49: TCP | I49: SRM outbound — pairs with remote site for replication coordination and failover | J49: Allow | K49: Gateway FW | L49: Outbound | M49: Port note: Port 9086 outbound to remote site. Required for pair-site registration and DR.
A50: FED-01 | B50: NSX GM → LM TCP 443 (Federation API + Mgmt Plane Sync) | C50: NSX Global Manager (M3) | D50: =IFERROR(IF('IP Input Sheet'!D15<>"",'IP Input Sheet'!D15,IF('IP Input Sheet'!E15<>"",'IP Input Sheet'!E15,'IP Input Sheet'!F15)),"[Enter IP]") -> 10.3.118.0/24 | E50: NSX Local Manager (M2) | F50: =IFERROR(IF('IP Input Sheet'!D14<>"",'IP Input Sheet'!D14,IF('IP Input Sheet'!E14<>"",'IP Input Sheet'!E14,'IP Input Sheet'!F14)),"[Enter IP]") -> 10.3.118.0/24 | G50: 443 | H50: TCP | I50: NSX Federation — API & Management Plane Synchronisation GM↔LM | J50: Allow | K50: Gateway FW | L50: Bidirectional | M50: NSX team: Federation port. GM pushes policy to LM. Required per AZ. Bidirectional.
A51: FED-02 | B51: NSX GM → LM TCP 1236 ⚠️ NEWLY WHITELISTED | C51: NSX Global Manager (M3) | D51: =IFERROR(IF('IP Input Sheet'!D15<>"",'IP Input Sheet'!D15,IF('IP Input Sheet'!E15<>"",'IP Input Sheet'!E15,'IP Input Sheet'!F15)),"[Enter IP]") -> 10.3.118.0/24 | E51: NSX Local Manager (M2) | F51: =IFERROR(IF('IP Input Sheet'!D14<>"",'IP Input Sheet'!D14,IF('IP Input Sheet'!E14<>"",'IP Input Sheet'!E14,'IP Input Sheet'!F14)),"[Enter IP]") -> 10.3.118.0/24 | G51: 1236 | H51: TCP | I51: NSX Federation — Async Replication. Core engine pushing Global config GM→LM. WAS MISSING. | J51: Allow | K51: Gateway FW | L51: Bidirectional | M51: NSX Federation note: TCP 1236 WAS MISSING — added 23/03/2026. Whitelist immediately on Gateway Firewall.
A52: FED-03 | B52: NSX Edge → Remote Edge TCP 179 (Inter-SR BGP) | C52: NSX Edge Node (local SR) | D52: =IFERROR(IF('IP Input Sheet'!D22<>"",'IP Input Sheet'!D22,IF('IP Input Sheet'!E22<>"",'IP Input Sheet'!E22,'IP Input Sheet'!F22)),"[Enter IP]") -> 10.3.111.101 | E52: NSX Remote Edge Node (peer AZ) | F52: =IFERROR(IF('IP Input Sheet'!D26<>"",'IP Input Sheet'!D26,IF('IP Input Sheet'!E26<>"",'IP Input Sheet'!E26,'IP Input Sheet'!F26)),"[Enter IP]") -> 10.3.111.133 | G52: 179 | H52: TCP | I52: NSX Federation — Inter-Site BGP between Service Routers across AZs. Routing updates between locations. | J52: Allow | K52: Gateway FW | L52: Bidirectional | M52: NSX Federation note: Inter-SR BGP — distinct from Edge→ToR BGP (BGP-01 to BGP-08). Cross-AZ SR routing.
A53: FED-04 | B53: NSX Edge → Remote Edge UDP 6081 (GENEVE cross-AZ RTEP) | C53: NSX Edge RTEP (local) | D53: =IFERROR(IF('IP Input Sheet'!D31<>"",'IP Input Sheet'!D31,IF('IP Input Sheet'!E31<>"",'IP Input Sheet'!E31,'IP Input Sheet'!F31)),"[Enter IP]") -> 10.5.22.0/24 | E53: NSX Remote Edge RTEP (peer AZ) | F53: =IFERROR(IF('IP Input Sheet'!D31<>"",'IP Input Sheet'!D31,IF('IP Input Sheet'!E31<>"",'IP Input Sheet'!E31,'IP Input Sheet'!F31)),"[Enter IP]") -> 10.5.22.0/24 | G53: 6081 | H53: UDP | I53: NSX Federation — GENEVE overlay for stretched logical segments via RTEP VLAN 2605. MTU 1700+ required. | J53: Allow | K53: Gateway FW | L53: Bidirectional | M53: NSX Federation note: RTEP GENEVE — also covered in TEP-03. Explicit Federation label added.
B55: 🔷 VMware Live Recovery (VLR) Rules — Inbound / Reverse
A56: LVR-09 | B56: vCenter → VLR (HTTPS) | C56: vCenter Server | D56: =IFERROR(IF('IP Input Sheet'!D13<>"",'IP Input Sheet'!D13,IF('IP Input Sheet'!E13<>"",'IP Input Sheet'!E13,'IP Input Sheet'!F13)),"[Enter IP]") -> 10.3.118.18 | E56: VMware Live Recovery (VLR) | F56: =IFERROR(IF('IP Input Sheet'!D20<>"",'IP Input Sheet'!D20,IF('IP Input Sheet'!E20<>"",'IP Input Sheet'!E20,'IP Input Sheet'!F20)),"[Enter IP]") -> 192.168.188.1 | G56: 443 | H56: TCP | I56: vCenter → VLR management | J56: Allow | K56: Gateway FW | L56: Outbound | M56: CF row 151 — vCenter reverse comms to VLR for site pair + recovery | N56: CF row 151 — vCenter Server registration back to VLR
A57: LVR-10 | B57: vCenter → VLR VAMI (5480) | C57: vCenter Server | D57: =IFERROR(IF('IP Input Sheet'!D13<>"",'IP Input Sheet'!D13,IF('IP Input Sheet'!E13<>"",'IP Input Sheet'!E13,'IP Input Sheet'!F13)),"[Enter IP]") -> 10.3.118.18 | E57: VMware Live Recovery (VLR) | F57: =IFERROR(IF('IP Input Sheet'!D20<>"",'IP Input Sheet'!D20,IF('IP Input Sheet'!E20<>"",'IP Input Sheet'!E20,'IP Input Sheet'!F20)),"[Enter IP]") -> 192.168.188.1 | G57: 5480 | H57: TCP | I57: VAMI bidirectional | J57: Allow | K57: Gateway FW | L57: Outbound | M57: CF row 119 — VAMI management interface bidirectional | N57: CF row 119 — VAMI management interface bidirectional
A58: LVR-11 | B58: ESXi → VLR Heartbeat (902) | C58: ESXi Hosts (Mgmt Domain) | D58: =IFERROR(IF('IP Input Sheet'!D18<>"",'IP Input Sheet'!D18,IF('IP Input Sheet'!E18<>"",'IP Input Sheet'!E18,'IP Input Sheet'!F18)),"[Enter IP]") -> 10.3.118.0/24 | E58: VMware Live Recovery (VLR) | F58: =IFERROR(IF('IP Input Sheet'!D20<>"",'IP Input Sheet'!D20,IF('IP Input Sheet'!E20<>"",'IP Input Sheet'!E20,'IP Input Sheet'!F20)),"[Enter IP]") -> 192.168.188.1 | G58: 902 | H58: TCP/UDP | I58: Heartbeat reverse | J58: Allow | K58: Gateway FW | L58: Bidirectional | M58: CF row 165 — ESXi VMkernel heartbeat reverse to VLR | N58: CF row 175 — vSphere Replication VMkernel reverse traffic
A59: LVR-12 | B59: ESXi → VLR NFC (8043) | C59: ESXi Hosts (Mgmt Domain) | D59: =IFERROR(IF('IP Input Sheet'!D18<>"",'IP Input Sheet'!D18,IF('IP Input Sheet'!E18<>"",'IP Input Sheet'!E18,'IP Input Sheet'!F18)),"[Enter IP]") -> 10.3.118.0/24 | E59: VMware Live Recovery (VLR) | F59: =IFERROR(IF('IP Input Sheet'!D20<>"",'IP Input Sheet'!D20,IF('IP Input Sheet'!E20<>"",'IP Input Sheet'!E20,'IP Input Sheet'!F20)),"[Enter IP]") -> 192.168.188.1 | G59: 8043 | H59: TCP | I59: vSphere Replication NFC reverse | J59: Allow | K59: Gateway FW | L59: Outbound | M59: CF row 175 — vSphere Replication VMkernel reverse traffic

Sheet Fleet → External
A1: AES-220 | Firewall Rules | Fleet → External Services
A2: Source IP and Destination IP auto-populate from '📋 IP Input Sheet'. Fill in IPs there first.
A3: # | B3: Rule Name | C3: Source Component | D3: Source IP / Subnet | E3: Destination Component | F3: Destination IP / Subnet | G3: Port | H3: Protocol | I3: Service / Application | J3: Action | K3: Firewall Type | L3: Flow Direction | M3: Notes
A4: EX-01 | B4: Fleet Mgr → DNS | C4: VCF Operations Fleet Manager | D4: =IFERROR(IF('IP Input Sheet'!D5<>"",'IP Input Sheet'!D5,IF('IP Input Sheet'!E5<>"",'IP Input Sheet'!E5,'IP Input Sheet'!F5)),"[Enter IP]") -> 10.5.25.86 | E4: DNS Server | F4: ='IP Input Sheet'!D60 | G4: 53 | H4: TCP/UDP | I4: Name resolution | J4: Allow | K4: Gateway FW | L4: Bidirectional | M4: All Fleet+VCF components
A5: EX-02 | B5: Fleet Mgr → NTP | C5: VCF Operations Fleet Manager | D5: =IFERROR(IF('IP Input Sheet'!D5<>"",'IP Input Sheet'!D5,IF('IP Input Sheet'!E5<>"",'IP Input Sheet'!E5,'IP Input Sheet'!F5)),"[Enter IP]") -> 10.5.25.86 | E5: NTP Server | F5: ='IP Input Sheet'!D61 | G5: 123 | H5: UDP | I5: Time sync | J5: Allow | K5: Gateway FW | L5: Outbound
A6: EX-03 | B6: VCFO → DNS | C6: VCF Operations (VCFO) | D6: =IFERROR(IF('IP Input Sheet'!D6<>"",'IP Input Sheet'!D6,IF('IP Input Sheet'!E6<>"",'IP Input Sheet'!E6,'IP Input Sheet'!F6)),"[Enter IP]") -> 10.5.25.64/26 | E6: DNS Server | F6: ='IP Input Sheet'!D60 | G6: 53 | H6: TCP/UDP | I6: DNS | J6: Allow | K6: Gateway FW | L6: Outbound | M6: Primary/Replica/Data nodes
A7: EX-04 | B7: VCFO → NTP | C7: VCF Operations (VCFO) | D7: =IFERROR(IF('IP Input Sheet'!D6<>"",'IP Input Sheet'!D6,IF('IP Input Sheet'!E6<>"",'IP Input Sheet'!E6,'IP Input Sheet'!F6)),"[Enter IP]") -> 10.5.25.64/26 | E7: NTP Server | F7: ='IP Input Sheet'!D61 | G7: 123 | H7: UDP | I7: Time sync | J7: Allow | K7: Gateway FW | L7: Outbound
A8: EX-05 | B8: VCFO → LDAP | C8: VCF Operations (VCFO) | D8: =IFERROR(IF('IP Input Sheet'!D6<>"",'IP Input Sheet'!D6,IF('IP Input Sheet'!E6<>"",'IP Input Sheet'!E6,'IP Input Sheet'!F6)),"[Enter IP]") -> 10.5.25.64/26 | E8: AD/LDAP Server | F8: ='IP Input Sheet'!D62 | G8: 389 | H8: TCP | I8: LDAP directory | J8: Allow | K8: Gateway FW | L8: Outbound
A9: EX-06 | B9: VCFO → LDAPS | C9: VCF Operations (VCFO) | D9: =IFERROR(IF('IP Input Sheet'!D6<>"",'IP Input Sheet'!D6,IF('IP Input Sheet'!E6<>"",'IP Input Sheet'!E6,'IP Input Sheet'!F6)),"[Enter IP]") -> 10.5.25.64/26 | E9: AD/LDAP Server | F9: ='IP Input Sheet'!D62 | G9: 636 | H9: TCP | I9: Secure LDAP | J9: Allow | K9: Gateway FW | L9: Outbound
A10: EX-07 | B10: VCFO → Global Catalog | C10: VCF Operations (VCFO) | D10: =IFERROR(IF('IP Input Sheet'!D6<>"",'IP Input Sheet'!D6,IF('IP Input Sheet'!E6<>"",'IP Input Sheet'!E6,'IP Input Sheet'!F6)),"[Enter IP]") -> 10.5.25.64/26 | E10: AD/LDAP Server | F10: ='IP Input Sheet'!D62 | G10: 3268/3269 | H10: TCP | I10: Global Catalog | J10: Allow | K10: Gateway FW | L10: Outbound
A11: EX-08 | B11: VCFO → SFTP | C11: VCF Operations (VCFO) | D11: =IFERROR(IF('IP Input Sheet'!D6<>"",'IP Input Sheet'!D6,IF('IP Input Sheet'!E6<>"",'IP Input Sheet'!E6,'IP Input Sheet'!F6)),"[Enter IP]") -> 10.5.25.64/26 | E11: SFTP Server | F11: ='IP Input Sheet'!D64 | G11: 22 | H11: TCP | I11: External backup NOT primary | J11: Allow | K11: Gateway FW | L11: Outbound | M11: VCF Ops does NOT use SFTP for primary backup
A12: EX-09 | B12: VIDB → LDAP | C12: Identity Broker (VIDB) | D12: =IFERROR(IF('IP Input Sheet'!D10<>"",'IP Input Sheet'!D10,IF('IP Input Sheet'!E10<>"",'IP Input Sheet'!E10,'IP Input Sheet'!F10)),"[Enter IP]") -> 10.3.118.0/24 | E12: AD/LDAP Server | F12: ='IP Input Sheet'!D62 | G12: 389 | H12: TCP/UDP | I12: Directory lookups | J12: Allow | K12: Gateway FW | L12: Outbound | M12: Identity Broker→AD
A13: EX-10 | B13: VIDB → Secure LDAP | C13: Identity Broker (VIDB) | D13: =IFERROR(IF('IP Input Sheet'!D10<>"",'IP Input Sheet'!D10,IF('IP Input Sheet'!E10<>"",'IP Input Sheet'!E10,'IP Input Sheet'!F10)),"[Enter IP]") -> 10.3.118.0/24 | E13: AD/LDAP Server | F13: ='IP Input Sheet'!D62 | G13: 636 | H13: TCP | I13: Secure LDAP | J13: Allow | K13: Gateway FW | L13: Outbound
A14: EX-11 | B14: VIDB → IdP Federation | C14: Identity Broker (VIDB) | D14: =IFERROR(IF('IP Input Sheet'!D10<>"",'IP Input Sheet'!D10,IF('IP Input Sheet'!E10<>"",'IP Input Sheet'!E10,'IP Input Sheet'!F10)),"[Enter IP]") -> 10.3.118.0/24 | E14: IdP Federation Endpoint | F14: [IdP Federation IP] | G14: 443 | H14: TCP | I14: SAML/OIDC/Okta/Ping/Entra ID | J14: Allow | K14: Gateway FW | L14: Outbound | M14: External IdP — confirm IP with AMEX security team
A15: EX-12 | B15: VIDB → DNS | C15: Identity Broker (VIDB) | D15: =IFERROR(IF('IP Input Sheet'!D10<>"",'IP Input Sheet'!D10,IF('IP Input Sheet'!E10<>"",'IP Input Sheet'!E10,'IP Input Sheet'!F10)),"[Enter IP]") -> 10.3.118.0/24 | E15: DNS Server | F15: ='IP Input Sheet'!D60 | G15: 53 | H15: TCP/UDP | I15: FQDN resolution for vCenter/NSX/SDDC | J15: Allow | K15: Gateway FW | L15: Outbound
A16: EX-13 | B16: VIDB → NTP | C16: Identity Broker (VIDB) | D16: =IFERROR(IF('IP Input Sheet'!D10<>"",'IP Input Sheet'!D10,IF('IP Input Sheet'!E10<>"",'IP Input Sheet'!E10,'IP Input Sheet'!F10)),"[Enter IP]") -> 10.3.118.0/24 | E16: NTP Server | F16: ='IP Input Sheet'!D61 | G16: 123 | H16: UDP | I16: Time sync | J16: Allow | K16: Gateway FW | L16: Outbound
A17: EX-14 | B17: VIDB → SFTP | C17: Identity Broker (VIDB) | D17: =IFERROR(IF('IP Input Sheet'!D10<>"",'IP Input Sheet'!D10,IF('IP Input Sheet'!E10<>"",'IP Input Sheet'!E10,'IP Input Sheet'!F10)),"[Enter IP]") -> 10.3.118.0/24 | E17: SFTP Server | F17: ='IP Input Sheet'!D64 | G17: 22 | H17: TCP | I17: External backup via Fleet Mgr | J17: Allow | K17: Gateway FW | L17: Outbound
A18: EX-15 | B18: VIDB → CA Server | C18: Identity Broker (VIDB) | D18: =IFERROR(IF('IP Input Sheet'!D10<>"",'IP Input Sheet'!D10,IF('IP Input Sheet'!E10<>"",'IP Input Sheet'!E10,'IP Input Sheet'!F10)),"[Enter IP]") -> 10.3.118.0/24 | E18: CA Certificate Server | F18: ='IP Input Sheet'!D63 | G18: 443 | H18: TCP | I18: SSL certificate CA | J18: Allow | K18: Gateway FW | L18: Outbound
A19: EX-16 | B19: ICMP — Fleet→External | C19: All Fleet Components | D19: [Fleet IPs] | E19: External Services | F19: [External IP] | G19: ICMP | H19: ICMP | I19: Reachability ping/traceroute | J19: Allow | K19: Gateway FW | L19: Bidirectional | M19: ALL Fleet-level components

Sheet  Route Table
A1: AES-220 | Route Table | Fleet ↔ Management Domain ↔ WLD ESXi
A2: Destination subnets auto-populated from ' IP Input Sheet'. Next-hop populated once IPs are entered.
A3: # | B3: Destination Network | C3: Subnet / IP | D3: Next Hop | E3: Via Interface | F3: Route Type | G3: Source Component | H3: AZ Scope | I3: Notes
A4: RT-01 | B4: Fleet Overlay Segment | C4: =IFERROR(IF('IP Input Sheet'!D11<>"",'IP Input Sheet'!D11,IF('IP Input Sheet'!E11<>"",'IP Input Sheet'!E11,'IP Input Sheet'!F11)),"[Enter IP]") -> 10.5.25.64/26 | D4: T0 Gateway (per AZ) | E4: NSX Overlay | F4: Static/NSX | G4: All Fleet Components | H4: AZ1/2/3 | I4: NSX overlay depends on Edge/T0 health
A5: RT-02 | B5: VCF Ops Fleet Manager | C5: =IFERROR(IF('IP Input Sheet'!D5<>"",'IP Input Sheet'!D5,IF('IP Input Sheet'!E5<>"",'IP Input Sheet'!E5,'IP Input Sheet'!F5)),"[Enter IP]") -> 10.5.25.86 | D5: T0 Gateway (per AZ) | E5: NSX Overlay | F5: NSX Overlay | G5: VCF Operations Fleet Manager | H5: AZ1/2/3 | I5: Fleet segment overlay routed
A6: RT-03 | B6: VCF Operations (VCFO) | C6: =IFERROR(IF('IP Input Sheet'!D6<>"",'IP Input Sheet'!D6,IF('IP Input Sheet'!E6<>"",'IP Input Sheet'!E6,'IP Input Sheet'!F6)),"[Enter IP]") -> 10.5.25.64/26 | D6: T0 Gateway (per AZ) | E6: NSX Overlay | F6: NSX Overlay | G6: VCF Operations | H6: AZ1/2/3 | I6: Fleet segment
A7: RT-04 | B7: VCF Automation (VCFA) | C7: =IFERROR(IF('IP Input Sheet'!D7<>"",'IP Input Sheet'!D7,IF('IP Input Sheet'!E7<>"",'IP Input Sheet'!E7,'IP Input Sheet'!F7)),"[Enter IP]") -> 10.5.25.64/26 | D7: T0 Gateway (per AZ) | E7: NSX Overlay | F7: NSX Overlay | G7: VCF Automation | H7: AZ1/2/3 | I7: Fleet segment
A8: RT-05 | B8: VCF Ops for Logs (VOL) | C8: =IFERROR(IF('IP Input Sheet'!D8<>"",'IP Input Sheet'!D8,IF('IP Input Sheet'!E8<>"",'IP Input Sheet'!E8,'IP Input Sheet'!F8)),"[Enter IP]") -> 10.5.25.64/26 | D8: T0 Gateway (per AZ) | E8: NSX Overlay | F8: NSX Overlay | G8: VCF Operations for Logs | H8: AZ1/2/3 | I8: Fleet segment
A9: RT-06 | B9: VCF Ops for Networks (VON) | C9: =IFERROR(IF('IP Input Sheet'!D9<>"",'IP Input Sheet'!D9,IF('IP Input Sheet'!E9<>"",'IP Input Sheet'!E9,'IP Input Sheet'!F9)),"[Enter IP]") -> 10.5.25.64/26 | D9: T0 Gateway (per AZ) | E9: NSX Overlay | F9: NSX Overlay | G9: VCF Ops for Networks | H9: AZ1/2/3 | I9: Fleet segment
A10: RT-07 | B10: Identity Broker (VIDB) | C10: =IFERROR(IF('IP Input Sheet'!D10<>"",'IP Input Sheet'!D10,IF('IP Input Sheet'!E10<>"",'IP Input Sheet'!E10,'IP Input Sheet'!F10)),"[Enter IP]") -> 10.3.118.0/24 | D10: T0 Gateway (per AZ) | E10: NSX Overlay | F10: NSX Overlay | G10: Identity Broker | H10: AZ1/2/3 | I10: Fleet segment SSO critical path
A11: RT-08 | B11: VM Management (VLAN 2600) | C11: =IFERROR(IF('IP Input Sheet'!D13<>"",'IP Input Sheet'!D13,IF('IP Input Sheet'!E13<>"",'IP Input Sheet'!E13,'IP Input Sheet'!F13)),"[Enter IP]") -> 10.3.118.18 | D11: ToR Switch (per AZ) | E11: VLAN 2600 | F11: VLAN/Static | G11: vCenter/NSX Mgr/SDDC Mgr | H11: AZ1/2/3 | I11: VLAN-backed direct physical, no NSX dependency
A12: RT-09 | B12: vCenter Server | C12: =IFERROR(IF('IP Input Sheet'!D13<>"",'IP Input Sheet'!D13,IF('IP Input Sheet'!E13<>"",'IP Input Sheet'!E13,'IP Input Sheet'!F13)),"[Enter IP]") -> 10.3.118.18 | D12: ToR Switch (per AZ) | E12: VLAN 2600 | F12: Static | G12: vCenter Server | H12: AZ1/2/3
A13: RT-10 | B13: NSX Manager | C13: =IFERROR(IF('IP Input Sheet'!D14<>"",'IP Input Sheet'!D14,IF('IP Input Sheet'!E14<>"",'IP Input Sheet'!E14,'IP Input Sheet'!F14)),"[Enter IP]") -> 10.3.118.0/24 | D13: ToR Switch (per AZ) | E13: VLAN 2600 | F13: Static | G13: NSX Manager | H13: AZ1/2/3
A14: RT-11 | B14: SDDC Manager | C14: =IFERROR(IF('IP Input Sheet'!D16<>"",'IP Input Sheet'!D16,IF('IP Input Sheet'!E16<>"",'IP Input Sheet'!E16,'IP Input Sheet'!F16)),"[Enter IP]") -> 10.3.118.30 | D14: ToR Switch (per AZ) | E14: VLAN 2600 | F14: Static | G14: SDDC Manager | H14: AZ1/2/3
A15: RT-12 | B15: ESXi Mgmt — WLD | C15: =IFERROR(IF('IP Input Sheet'!D54<>"",'IP Input Sheet'!D54,IF('IP Input Sheet'!E54<>"",'IP Input Sheet'!E54,'IP Input Sheet'!F54)),"[Enter IP]") -> 10.3.118.0/24 | D15: ToR Switch (per AZ) | E15: vDSW01 VM Mgmt PG | F15: Static | G15: ESXi Hosts WLD | H15: AZ1/2/3 | I15: WLD cluster hosts
A16: RT-13 | B16: ESXi Mgmt — Mgmt Domain | C16: =IFERROR(IF('IP Input Sheet'!D18<>"",'IP Input Sheet'!D18,IF('IP Input Sheet'!E18<>"",'IP Input Sheet'!E18,'IP Input Sheet'!F18)),"[Enter IP]") -> 10.3.118.0/24 | D16: ToR Switch (per AZ) | E16: vDSM01 VM Mgmt PG | F16: Static | G16: ESXi Hosts Mgmt | H16: AZ1/2/3 | I16: Mgmt domain cluster hosts
A17: RT-14 | B17: Workload Ext Subnet | C17: =IFERROR(IF('IP Input Sheet'!D55<>"",'IP Input Sheet'!D55,IF('IP Input Sheet'!E55<>"",'IP Input Sheet'!E55,'IP Input Sheet'!F55)),"[Enter IP]") | D17: T0 Gateway (per AZ) | E17: NSX Edge / Uplink | F17: BGP Advertised | G17: Avi VIPs / WLD external | H17: AZ1/2/3 | I17: VIP subnet BGP advertised via Edge to ToR
A18: RT-15 | B18: DNS Server | C18: ='IP Input Sheet'!D60 | D18: Edge Node → ToR | E18: Uplink VLAN | F18: Static | G18: All components | H18: DC-wide | I18: Outbound via Edge N-S path
A19: RT-16 | B19: NTP Server | C19: ='IP Input Sheet'!D61 | D19: Edge Node → ToR | E19: Uplink VLAN | F19: Static | G19: All components | H19: DC-wide
A20: RT-17 | B20: AD/LDAP Server | C20: ='IP Input Sheet'!D62 | D20: Edge Node → ToR | E20: Uplink VLAN | F20: Static | G20: Fleet+Mgmt components | H20: DC-wide
A21: RT-18 | B21: CA Certificate Server | C21: ='IP Input Sheet'!D63 | D21: Edge Node → ToR | E21: Uplink VLAN | F21: Static | G21: Fleet+Mgmt components | H21: DC-wide
A22: RT-19 | B22: SFTP Backup Server | C22: ='IP Input Sheet'!D64 | D22: Edge Node → ToR | E22: Uplink VLAN | F22: Static | G22: SDDC Mgr / VCF Ops | H22: DC-wide
A23: RT-20 | B23: Host TEP Subnet | C23: [VLAN TBD] | D23: Physical Fabric | E23: Host TEP VLAN | F23: VLAN | G23: NSX Host TEP | H23: Per AZ | I23: GENEVE encap MTU must be 1600+
A24: RT-21 | B24: Edge TEP Subnet | C24: VLAN 2603 | D24: Physical Fabric | E24: Edge TEP VLAN | F24: VLAN | G24: NSX Edge TEP | H24: Per AZ | I24: Edge nodes GENEVE tunnels
A25: RT-22 | B25: Remote TEP Subnet | C25: VLAN 2605 | D25: Super Spine | E25: RTEP VLAN | F25: VLAN | G25: Cross-AZ tunnels | H25: DC-wide | I25: Cross-AZ NSX overlay RTEP
A26: RT-23 | B26: Super Spine | C26: [Physical] | D26: Physical Routing | E26: Uplink 2606/2607/2608/2609 | F26: BGP | G26: All AZs | H26: DC-wide | I26: BGP between Edge nodes and ToR switches
A27: RT-13 | B27: VCF OPS Network Collector (M7) | C27: =IFERROR(IF('IP Input Sheet'!D19<>"",'IP Input Sheet'!D19,IF('IP Input Sheet'!E19<>"",'IP Input Sheet'!E19,'IP Input Sheet'!F19)),"[Enter IP]") -> 10.3.118.101 | D27: ToR Switch (per AZ) | E27: VLAN 2600 | F27: Static | G27: VCF OPS Network Collector | H27: AZ1/AZ2 | I27: M7 — Mgmt domain VLAN
A28: RT-14 | B28: NSX Edge Uplink — Rack1 VLAN 2606 | C28: ='IP Input Sheet'!D22 -> 10.3.111.101 | D28: ToR Rack1 | E28: VLAN 2606 Uplink | F28: BGP Peer | G28: NSX Edge Node 1 | H28: Per AZ | I28: Edge→ToR BGP peering — same /30 subnet
A29: RT-15 | B29: NSX Edge Uplink — Rack1 VLAN 2607 | C29: ='IP Input Sheet'!D23 -> 10.3.111.121 | D29: ToR Rack1 | E29: VLAN 2607 Uplink | F29: BGP Peer | G29: NSX Edge Node 2 | H29: Per AZ | I29: Edge→ToR BGP peering — same /30 subnet
A30: RT-16 | B30: NSX Edge Uplink — Rack2 VLAN 2608 | C30: ='IP Input Sheet'!D24 -> 10.3.111.102 | D30: ToR Rack2 | E30: VLAN 2608 Uplink | F30: BGP Peer | G30: NSX Edge Node 1 | H30: Per AZ | I30: Edge→ToR BGP peering
A31: RT-17 | B31: NSX Edge Uplink — Rack2 VLAN 2609 | C31: ='IP Input Sheet'!D25 -> 10.3.111.122 | D31: ToR Rack2 | E31: VLAN 2609 Uplink | F31: BGP Peer | G31: NSX Edge Node 2 | H31: Per AZ | I31: Edge→ToR BGP peering
A32: RT-18 | B32: Edge TEP Subnet (VLAN 2603) | C32: =IFERROR(IF('IP Input Sheet'!D30<>"",'IP Input Sheet'!D30,IF('IP Input Sheet'!E30<>"",'IP Input Sheet'!E30,'IP Input Sheet'!F30)),"[Enter IP]") -> 10.5.236.0/24 | D32: Physical Fabric | E32: Edge TEP VLAN 2603 | F32: VLAN | G32: NSX Edge TEP | H32: Per AZ | I32: Intra-AZ HA + GENEVE — MTU 1600+
A33: RT-19 | B33: Remote TEP — Cross-AZ (VLAN 2605) | C33: =IFERROR(IF('IP Input Sheet'!D31<>"",'IP Input Sheet'!D31,IF('IP Input Sheet'!E31<>"",'IP Input Sheet'!E31,'IP Input Sheet'!F31)),"[Enter IP]") -> 10.5.22.0/24 | D33: Super Spine | E33: RTEP VLAN 2605 | F33: VLAN | G33: Cross-AZ NSX Overlay | H33: DC-wide | I33: AZ1↔AZ2↔AZ3 GENEVE tunnels
A34: RT-20 | B34: ToR BGP Peer IPs | C34: =IFERROR(IF('IP Input Sheet'!D32<>"",'IP Input Sheet'!D32,IF('IP Input Sheet'!E32<>"",'IP Input Sheet'!E32,'IP Input Sheet'!F32)),"[Enter IP]") -> 10.3.111.97 | D34: Physical ToR Switch | E34: Uplink SVIs | F34: BGP | G34: ToR Switch (Network Team) | H34: Per AZ | I34: Get from network team — not Raju
A35: RT-E1-EU1 | B35: Edge 1 EU1 (VLAN 2606 Rack 1) | C35: =IFERROR(IF('IP Input Sheet'!D21<>"",'IP Input Sheet'!D21,IF('IP Input Sheet'!E21<>"",'IP Input Sheet'!E21,'IP Input Sheet'!F21)),"[Enter IP]") | D35: ToR Rack 1 (EU11) | E35: VLAN 2606 SVI | F35: BGP Peer | G35: NSX Edge 1 | H35: Per AZ | I35: EU1↔EU11
A36: RT-E1-EU2 | B36: Edge 1 EU2 (VLAN 2607 Rack 1) | C36: =IFERROR(IF('IP Input Sheet'!D22<>"",'IP Input Sheet'!D22,IF('IP Input Sheet'!E22<>"",'IP Input Sheet'!E22,'IP Input Sheet'!F22)),"[Enter IP]") -> 10.3.111.101 | D36: ToR Rack 1 (EU12) | E36: VLAN 2607 SVI | F36: BGP Peer | G36: NSX Edge 1 | H36: Per AZ | I36: EU2↔EU12
A37: RT-E2-EU3 | B37: Edge 2 EU3 (VLAN 2606 Rack 1) | C37: =IFERROR(IF('IP Input Sheet'!D23<>"",'IP Input Sheet'!D23,IF('IP Input Sheet'!E23<>"",'IP Input Sheet'!E23,'IP Input Sheet'!F23)),"[Enter IP]") -> 10.3.111.121 | D37: ToR Rack 1 (EU11) | E37: VLAN 2606 SVI | F37: BGP Peer | G37: NSX Edge 2 | H37: Per AZ | I37: EU3↔EU11
A38: RT-E2-EU4 | B38: Edge 2 EU4 (VLAN 2607 Rack 1) | C38: =IFERROR(IF('IP Input Sheet'!D24<>"",'IP Input Sheet'!D24,IF('IP Input Sheet'!E24<>"",'IP Input Sheet'!E24,'IP Input Sheet'!F24)),"[Enter IP]") -> 10.3.111.102 | D38: ToR Rack 1 (EU12) | E38: VLAN 2607 SVI | F38: BGP Peer | G38: NSX Edge 2 | H38: Per AZ | I38: EU4↔EU12
A39: RT-E3-EU5 | B39: Edge 3 EU5 (VLAN 2608 Rack 2) | C39: =IFERROR(IF('IP Input Sheet'!D25<>"",'IP Input Sheet'!D25,IF('IP Input Sheet'!E25<>"",'IP Input Sheet'!E25,'IP Input Sheet'!F25)),"[Enter IP]") -> 10.3.111.122 | D39: ToR Rack 2 (EU13) | E39: VLAN 2608 SVI | F39: BGP Peer | G39: NSX Edge 3 | H39: Per AZ | I39: EU5↔EU13
A40: RT-E3-EU6 | B40: Edge 3 EU6 (VLAN 2609 Rack 2) | C40: =IFERROR(IF('IP Input Sheet'!D26<>"",'IP Input Sheet'!D26,IF('IP Input Sheet'!E26<>"",'IP Input Sheet'!E26,'IP Input Sheet'!F26)),"[Enter IP]") -> 10.3.111.133 | D40: ToR Rack 2 (EU14) | E40: VLAN 2609 SVI | F40: BGP Peer | G40: NSX Edge 3 | H40: Per AZ | I40: EU6↔EU14
A41: RT-E4-EU7 | B41: Edge 4 EU7 (VLAN 2608 Rack 2) | C41: =IFERROR(IF('IP Input Sheet'!D27<>"",'IP Input Sheet'!D27,IF('IP Input Sheet'!E27<>"",'IP Input Sheet'!E27,'IP Input Sheet'!F27)),"[Enter IP]") -> 10.3.111.153 | D41: ToR Rack 2 (EU13) | E41: VLAN 2608 SVI | F41: BGP Peer | G41: NSX Edge 4 | H41: Per AZ | I41: EU7↔EU13
A42: RT-E4-EU8 | B42: Edge 4 EU8 (VLAN 2609 Rack 2) | C42: =IFERROR(IF('IP Input Sheet'!D28<>"",'IP Input Sheet'!D28,IF('IP Input Sheet'!E28<>"",'IP Input Sheet'!E28,'IP Input Sheet'!F28)),"[Enter IP]") -> 10.3.111.134 | D42: ToR Rack 2 (EU14) | E42: VLAN 2609 SVI | F42: BGP Peer | G42: NSX Edge 4 | H42: Per AZ | I42: EU8↔EU14
A43: RT-TEP | B43: Edge TEP Subnet (VLAN 2603) | C43: =IFERROR(IF('IP Input Sheet'!D29<>"",'IP Input Sheet'!D29,IF('IP Input Sheet'!E29<>"",'IP Input Sheet'!E29,'IP Input Sheet'!F29)),"[Enter IP]") -> 10.3.111.154 | D43: Physical Fabric | E43: Edge TEP VLAN 2603 | F43: VLAN | G43: NSX Edge TEP | H43: Per AZ | I43: EU9 — GENEVE intra-AZ MTU 1600+
A44: RT-RTEP | B44: Remote TEP Subnet (VLAN 2605) | C44: =IFERROR(IF('IP Input Sheet'!D30<>"",'IP Input Sheet'!D30,IF('IP Input Sheet'!E30<>"",'IP Input Sheet'!E30,'IP Input Sheet'!F30)),"[Enter IP]") -> 10.5.236.0/24 | D44: Super Spine | E44: RTEP VLAN 2605 | F44: VLAN | G44: Cross-AZ Overlay | H44: DC-wide | I44: EU10 — AZ1↔AZ2↔AZ3

Sheet Port Summary
A1: AES-220 | Unique Port Reference | All Fleet Firewall Ports Consolidated
A2: Port | B2: Protocol | C2: Service | D2: Used By (Source) | E2: Used By (Destination) | F2: Notes
A3: 22 | B3: TCP | C3: SSH | D3: VCF Installer, SDDC Mgr, Fleet Mgr, VCFA, VCFO | E3: ESXi, SDDC Mgr, Fleet VMs, SFTP | F3: Admin only restrict to jump host / bastion
A4: 50 | B4: ESP | C4: Encapsulating Security Payload | D4: Identity Broker | E4: ALL | F4: Used by k8s to encapsulate hidden networks — bidirectional
A5: 53 | B5: TCP/UDP | C5: DNS | D5: All Fleet + VCF Components | E5: DNS Servers | F5: Bidirectional ALL Fleet-level and VCF instance-level
A6: 123 | B6: UDP | C6: NTP | D6: All Fleet + VCF Components | E6: NTP Servers | F6: Time sync ALL VCF 9 components
A7: 161 | B7: TCP | C7: SNMP | D7: VCF Ops for Networks (VON) | E7: Switches/Routers | F7: SNMP polling physical devices
A8: 389 | B8: TCP/UDP | C8: LDAP | D8: VCF Ops, Identity Broker, vCenter | E8: AD/LDAP Servers | F8: Directory lookups Active Directory integration
A9: 443 | B9: TCP | C9: HTTPS | D9: All Fleet + Mgmt Components | E9: All Fleet + Mgmt Components | F9: Primary management port — all component comms incl. VLR SSO registration + site pair
A10: 514 | B10: TCP/UDP | C10: Syslog | D10: vCenter, NSX, SDDC, ESXi, VCFA | E10: VCF Ops for Logs (VOL) | F10: Remote syslog all components log to VOL
A11: 636 | B11: TCP | C11: LDAPS | D11: VCF Ops, Identity Broker, vCenter | E11: AD/LDAP Servers | F11: Secure LDAP
A12: 902 | B12: TCP | C12: Heartbeat / VMRC | D12: vCenter, VCF Automation, VMware Live Recovery (VLR) | E12: ESXi Hosts | F12: Core mgmt comms vCenter↔ESXi + VM console + VLR VMkernel heartbeat
A13: 1514 | B13: TCP | C13: Syslog over TLS | D13: vCenter, NSX, ESXi, VCFA | E13: VCF Ops for Logs (VOL) | F13: Secure syslog TLS
... A46: 44046 | B46: TCP | C46: vSphere Replication NFC — Alternate | D46: VMware Live Recovery (VLR) | E46: ESXi Hosts (Mgmt Domain) | F46: CF row 165-175 — Alternate NFC port for vSphere Replication. Bidirectional.
