Workbook

Sheet IP Input Sheet
A1: AES-220 | IP Address Input Sheet | Enter all IP values here
A2: Fill in the IP/Subnet for each component. All firewall rule tabs will auto-populate.
A3: # | B3: Component / Service | C3: Named Range Key | D3: AZ1 IP / Subnet | E3: AZ2 IP / Subnet | F3: AZ3 IP / Subnet
A4: 🔷 FLEET COMPONENTS (NSX Overlay Segment)
A5: F1 | B5: VCF Operations Fleet Manager | C5: FLEET_MGR | D5: 10.3.118.28 | E5: 10.5.59.28
A6: F2 | B6: VCF Operations (VCFO) | C6: VCFO | D6: 10.5.25.64/26
A7: F3 | B7: VCF Automation (VCFA) | C7: VCFA | D7: 10.5.25.64/26
A8: F4 | B8: VCF Operations for Logs (VOL) | C8: VOL | D8: 10.5.25.64/26
A9: F5 | B9: VCF Operations for Networks (VON) | C9: VON | D9: 10.5.25.64/26
A10: F6 | B10: Identity Broker (VIDB) | C10: VIDB | D10: 10.3.118.0/24 | E10: 10.5.59.0/24
A11: F7 | B11: Fleet Overlay Subnet (overall) | C11: FLEET_SUBNET | D11: 10.5.25.64/26 | E11: 10.5.25.64/26
A12: 🔷 MANAGEMENT DOMAIN COMPONENTS (VLAN 2600 — per AZ)
A13: M1 | B13: vCenter Server | C13: VCENTER | D13: 10.3.118.18 | E13: 10.5.59.4
A14: M2 | B14: NSX Manager (Local) | C14: NSX_MGR | D14: 10.3.118.0/24 | E14: 10.5.59.0/24
A15: M3 | B15: NSX Global Manager | C15: NSX_GM | D15: 10.3.118.0/24 | E15: 10.5.59.0/24
A16: M4 | B16: SDDC Manager | C16: SDDC_MGR | D16: 10.3.118.30 | E16: 10.5.59.30
A17: M5 | B17: VCF Operations Collector | C17: VCFO_COLL | D17: 10.3.118.35 | E17: 10.5.59.35
A18: M6 | B18: ESXi Mgmt Subnet — Mgmt Domain | C18: ESXI_MGMT_MD | D18: 10.3.118.0/24 | E18: 10.5.59.0/24 | F18: 10.5.58.0/24
A19: M7 | B19: VCF OPS for Network Collector | C19: VON_COLL | D19: 10.3.118.101
A20: 🔷 EDGE CLUSTER UPLINKS (per AZ — ToR Peer IPs from Network Team)
A21: EU1 | B21: Edge 1 — Uplink 1 (VLAN 2606 — Rack 1) | C21: EDGE1_UPL1 | D21: 10.3.111.101 | E21: 10.3.111.231
A22: EU2 | B22: Edge 1 — Uplink 2 (VLAN 2607 — Rack 1) | C22: EDGE1_UPL2 | D22: 10.3.111.121 | E22: 10.3.111.241
A23: EU3 | B23: Edge 2 — Uplink 1 (VLAN 2606 — Rack 1) | C23: EDGE2_UPL1 | D23: 10.3.111.102 | E23: 10.3.111.232
A24: EU4 | B24: Edge 2 — Uplink 2 (VLAN 2607 — Rack 1) | C24: EDGE2_UPL2 | D24: 10.3.111.122 | E24: 10.3.111.242
A25: EU5 | B25: Edge 3 — Uplink 1 (VLAN 2608 — Rack 2) | C25: EDGE3_UPL1 | D25: 10.3.111.133 | E25: 10.5.25.13
A26: EU6 | B26: Edge 3 — Uplink 2 (VLAN 2609 — Rack 2) | C26: EDGE3_UPL2 | D26: 10.3.111.153 | E26: 10.5.25.23
A27: EU7 | B27: Edge 4 — Uplink 1 (VLAN 2608 — Rack 2) | C27: EDGE4_UPL1 | D27: 10.3.111.134 | E27: 10.5.25.14
A28: EU8 | B28: Edge 4 — Uplink 2 (VLAN 2609 — Rack 2) | C28: EDGE4_UPL2 | D28: 10.3.111.154 | E28: 10.5.25.24
A29: EU9 | B29: Edge TEP Subnet (VLAN 2603 — intra-AZ HA + GENEVE) | C29: EDGE_TEP | D29: 10.5.236.0/24 | E29: 10.5.248.0/24
A30: EU10 | B30: Remote TEP Subnet (VLAN 2605 — cross-AZ GENEVE) | C30: EDGE_RTEP | D30: 10.5.22.0/24 | E30: 10.5.24.0/24
A31: EU11 | B31: ToR BGP Peer IPs (Network Team — ToR SVI) | C31: TOR_BGP_PEER
A32: 🔷 WORKLOAD DOMAIN (per AZ)
A33: W1 | B33: ESXi Mgmt Subnet — WLD | C33: ESXI_MGMT_WLD | D33: 10.3.118.0/24
A34: W2 | B34: Workload Ext Subnet | C34: WLD_EXT
A35: W3 | B35: VPC Segment Subnet | C35: VPC_SEG
A36: W4 | B36: vCenter Server (WLD) | C36: VCENTER_WLD
A37: W5 | B37: NSX Manager (WLD) | C37: NSX_MGR_WLD
A38: 🔷 EXTERNAL SERVICES (shared — no AZ split needed)
A39: E1 | B39: DNS Server | C39: DNS_SRV | E39: N/A — shared | F39: N/A — shared
A40: E2 | B40: NTP Server | C40: NTP_SRV | E40: N/A — shared | F40: N/A — shared
A41: E3 | B41: AD / LDAP Server | C41: AD_SRV | E41: N/A — shared | F41: N/A — shared
A42: E4 | B42: CA Certificate Server | C42: CA_SRV | E42: N/A — shared | F42: N/A — shared
A43: E5 | B43: SFTP Backup Server | C43: SFTP_SRV | E43: N/A — shared | F43: N/A — shared
A44: E6 | B44: Artifactory / Depot | C44: ARTIF_SRV | E44: N/A — shared | F44: N/A — shared
A46: LEGEND: | B46: Yellow cells = enter IP/subnet here | C46: Grey = not applicable (shared services)
B51: ToR BGP Peer IPs (Network Team — ToR SVI) - Rack 1 Uplink 1 | C51: TOR_BGP_PEER | D51: 10.3.111.97 | E51: 10.3.111.225
B52: ToR BGP Peer IPs (Network Team — ToR SVI) - Rack 1 Uplink 2 | C52: TOR_BGP_PEER | D52: 10.3.111.113 | E52: 10.3.111.241
B53: ToR BGP Peer IPs (Network Team — ToR SVI) - Rack 2 Uplink 1 | C53: TOR_BGP_PEER | D53: 10.3.111.129 | E53: 10.5.25.1
B54: ToR BGP Peer IPs (Network Team — ToR SVI) - Rack 2 Uplink 2 | C54: TOR_BGP_PEER | D54: 10.3.111.145 | E54: 10.5.25.17

Sheet  Fleet → Mgmt+WLD
A1: AES-220 | Firewall Rules | Fleet → Management Domain & WLD ESXi Hosts
A2: Source IP and Destination IP auto-populate from 'IP Input Sheet'. Fill in IPs there first.
A3: # | B3: Rule Name | C3: Source Component | D3: Source IP / Subnet | E3: Destination Component | F3: Destination IP / Subnet | G3: Port | H3: Protocol | I3: Service / Application | J3: Action | K3: Firewall Type | L3: Flow Direction | M3: Notes
A4: FM-01 | B4: Fleet Mgr → SDDC Mgmt | C4: VCF Operations Fleet Manager | D4: =IFERROR(IF('IP Input Sheet'!D5<>"",'IP Input Sheet'!D5,IF('IP Input Sheet'!E5<>"",'IP Input Sheet'!E5,'IP Input Sheet'!F5)),"[Enter IP]") -> 10.3.118.28 | E4: SDDC Manager | F4: =IFERROR(IF('IP Input Sheet'!D16<>"",'IP Input Sheet'!D16,IF('IP Input Sheet'!E16<>"",'IP Input Sheet'!E16,'IP Input Sheet'!F16)),"[Enter IP]") -> 10.3.118.30 | G4: 443 | H4: TCP | I4: Lifecycle Management | J4: Allow | K4: Gateway FW | L4: Outbound | M4: Ticket req #3 — Fleet→Mgmt
A5: FM-02 | B5: Fleet Mgr → VCF Operations | C5: VCF Operations Fleet Manager | D5: =IFERROR(IF('IP Input Sheet'!D5<>"",'IP Input Sheet'!D5,IF('IP Input Sheet'!E5<>"",'IP Input Sheet'!E5,'IP Input Sheet'!F5)),"[Enter IP]") -> 10.3.118.28 | E5: VCF Operations (VCFO) | F5: =IFERROR(IF('IP Input Sheet'!D6<>"",'IP Input Sheet'!D6,IF('IP Input Sheet'!E6<>"",'IP Input Sheet'!E6,'IP Input Sheet'!F6)),"[Enter IP]") -> 10.5.25.64/26 | G5: 443 | H5: TCP | I5: VCF Ops collector metrics | J5: Allow | K5: Gateway FW | L5: Outbound | M5: Bidirectional
A6: FM-03 | B6: Fleet Mgr → vCenter | C6: VCF Operations Fleet Manager | D6: =IFERROR(IF('IP Input Sheet'!D5<>"",'IP Input Sheet'!D5,IF('IP Input Sheet'!E5<>"",'IP Input Sheet'!E5,'IP Input Sheet'!F5)),"[Enter IP]") -> 10.3.118.28 | E6: vCenter Server | F6: =IFERROR(IF('IP Input Sheet'!D13<>"",'IP Input Sheet'!D13,IF('IP Input Sheet'!E13<>"",'IP Input Sheet'!E13,'IP Input Sheet'!F13)),"[Enter IP]") -> 10.3.118.18 | G6: 443 | H6: TCP | I6: vCenter config & mgmt tasks | J6: Allow | K6: Gateway FW | L6: Outbound
A7: FM-04 | B7: Fleet Mgr → NSX Manager | C7: VCF Operations Fleet Manager | D7: =IFERROR(IF('IP Input Sheet'!D5<>"",'IP Input Sheet'!D5,IF('IP Input Sheet'!E5<>"",'IP Input Sheet'!E5,'IP Input Sheet'!F5)),"[Enter IP]") -> 10.3.118.28 | E7: NSX Manager | F7: =IFERROR(IF('IP Input Sheet'!D14<>"",'IP Input Sheet'!D14,IF('IP Input Sheet'!E14<>"",'IP Input Sheet'!E14,'IP Input Sheet'!F14)),"[Enter IP]") -> 10.3.118.0/24 | G7: 443 | H7: TCP | I7: NSX networking & security config | J7: Allow | K7: Gateway FW | L7: Outbound
A8: FM-05 | B8: Fleet Mgr → DNS | C8: VCF Operations Fleet Manager | D8: =IFERROR(IF('IP Input Sheet'!D5<>"",'IP Input Sheet'!D5,IF('IP Input Sheet'!E5<>"",'IP Input Sheet'!E5,'IP Input Sheet'!F5)),"[Enter IP]") -> 10.3.118.28 | E8: DNS Server | F8: ='IP Input Sheet'!D24 -> 10.3.111.122 | G8: 53 | H8: TCP/UDP | I8: Name resolution | J8: Allow | K8: Gateway FW | L8: Bidirectional | M8: All Fleet+VCF components
A9: FM-06 | B9: Fleet Mgr → NTP | C9: VCF Operations Fleet Manager | D9: =IFERROR(IF('IP Input Sheet'!D5<>"",'IP Input Sheet'!D5,IF('IP Input Sheet'!E5<>"",'IP Input Sheet'!E5,'IP Input Sheet'!F5)),"[Enter IP]") -> 10.3.118.28 | E9: NTP Server | F9: ='IP Input Sheet'!D25 -> 10.3.111.133 | G9: 123 | H9: UDP | I9: Time synchronisation | J9: Allow | K9: Gateway FW | L9: Outbound
A10: FM-07 | B10: Fleet Mgr → ESXi (HTTPS) | C10: VCF Operations Fleet Manager | D10: =IFERROR(IF('IP Input Sheet'!D5<>"",'IP Input Sheet'!D5,IF('IP Input Sheet'!E5<>"",'IP Input Sheet'!E5,'IP Input Sheet'!F5)),"[Enter IP]") -> 10.3.118.28 | E10: ESXi Hosts (WLD) | F10: =IFERROR(IF('IP Input Sheet'!D20<>"",'IP Input Sheet'!D20,IF('IP Input Sheet'!E20<>"",'IP Input Sheet'!E20,'IP Input Sheet'!F20)),"[Enter IP]") -> 0 | G10: 443 | H10: TCP | I10: Secure web services / APIs | J10: Allow | K10: Gateway FW | L10: Outbound
A11: FM-08 | B11: Fleet Mgr → VCFA (SSH) | C11: VCF Operations Fleet Manager | D11: =IFERROR(IF('IP Input Sheet'!D5<>"",'IP Input Sheet'!D5,IF('IP Input Sheet'!E5<>"",'IP Input Sheet'!E5,'IP Input Sheet'!F5)),"[Enter IP]") -> 10.3.118.28 | E11: VCF Automation | F11: =IFERROR(IF('IP Input Sheet'!D7<>"",'IP Input Sheet'!D7,IF('IP Input Sheet'!E7<>"",'IP Input Sheet'!E7,'IP Input Sheet'!F7)),"[Enter IP]") -> 10.5.25.64/26 | G11: 22 | H11: TCP | I11: SSH lifecycle tasks | J11: Allow | K11: Gateway FW | L11: Outbound | M11: Admin restrict to jump host
A12: FM-09 | B12: Fleet Mgr → VCFA+VIDB (6443) | C12: VCF Operations Fleet Manager | D12: =IFERROR(IF('IP Input Sheet'!D5<>"",'IP Input Sheet'!D5,IF('IP Input Sheet'!E5<>"",'IP Input Sheet'!E5,'IP Input Sheet'!F5)),"[Enter IP]") -> 10.3.118.28 | E12: Identity Broker & VCF Automation | F12: =IFERROR(IF('IP Input Sheet'!D7<>"",'IP Input Sheet'!D7,IF('IP Input Sheet'!E7<>"",'IP Input Sheet'!E7,'IP Input Sheet'!F7)),"[Enter IP]") -> 10.5.25.64/26 | G12: 6443 | H12: TCP | I12: Control Plane API (k8s apiserver) | J12: Allow | K12: Gateway FW | L12: Outbound
A13: FM-10 | B13: Fleet Mgr → VCFA+VIDB (30006) | C13: VCF Operations Fleet Manager | D13: =IFERROR(IF('IP Input Sheet'!D5<>"",'IP Input Sheet'!D5,IF('IP Input Sheet'!E5<>"",'IP Input Sheet'!E5,'IP Input Sheet'!F5)),"[Enter IP]") -> 10.3.118.28 | E13: Identity Broker & VCF Automation | F13: =IFERROR(IF('IP Input Sheet'!D7<>"",'IP Input Sheet'!D7,IF('IP Input Sheet'!E7<>"",'IP Input Sheet'!E7,'IP Input Sheet'!F7)),"[Enter IP]") -> 10.5.25.64/26 | G13: 30006 | H13: TCP | I13: Validates VCFA health pre-LCM | J13: Allow | K13: Gateway FW | L13: Outbound
A14: FM-11 | B14: Fleet Mgr → VCFA+VIDB (30005) | C14: VCF Operations Fleet Manager | D14: =IFERROR(IF('IP Input Sheet'!D5<>"",'IP Input Sheet'!D5,IF('IP Input Sheet'!E5<>"",'IP Input Sheet'!E5,'IP Input Sheet'!F5)),"[Enter IP]") -> 10.3.118.28 | E14: Identity Broker & VCF Automation | F14: =IFERROR(IF('IP Input Sheet'!D7<>"",'IP Input Sheet'!D7,IF('IP Input Sheet'!E7<>"",'IP Input Sheet'!E7,'IP Input Sheet'!F7)),"[Enter IP]") -> 10.5.25.64/26 | G14: 30005 | H14: TCP | I14: API calls to VIDB & VCFA | J14: Allow | K14: Gateway FW | L14: Outbound
A15: FM-12 | B15: Fleet Mgr → VCFA+VIDB (30001) | C15: VCF Operations Fleet Manager | D15: =IFERROR(IF('IP Input Sheet'!D5<>"",'IP Input Sheet'!D5,IF('IP Input Sheet'!E5<>"",'IP Input Sheet'!E5,'IP Input Sheet'!F5)),"[Enter IP]") -> 10.3.118.28 | E15: Identity Broker & VCF Automation | F15: =IFERROR(IF('IP Input Sheet'!D7<>"",'IP Input Sheet'!D7,IF('IP Input Sheet'!E7<>"",'IP Input Sheet'!E7,'IP Input Sheet'!F7)),"[Enter IP]") -> 10.5.25.64/26 | G15: 30001 | H15: TCP | I15: Container images (k8s/VKS) | J15: Allow | K15: Gateway FW | L15: Outbound
A16: FM-13 | B16: Fleet Mgr → VCFA+VIDB (30000) | C16: VCF Operations Fleet Manager | D16: =IFERROR(IF('IP Input Sheet'!D5<>"",'IP Input Sheet'!D5,IF('IP Input Sheet'!E5<>"",'IP Input Sheet'!E5,'IP Input Sheet'!F5)),"[Enter IP]") -> 10.3.118.28 | E16: Identity Broker & VCF Automation | F16: =IFERROR(IF('IP Input Sheet'!D7<>"",'IP Input Sheet'!D7,IF('IP Input Sheet'!E7<>"",'IP Input Sheet'!E7,'IP Input Sheet'!F7)),"[Enter IP]") -> 10.5.25.64/26 | G16: 30000 | H16: TCP | I16: Container images (k8s/VKS) | J16: Allow | K16: Gateway FW | L16: Outbound
A17: FM-14 | B17: Fleet Mgr → VCFA health | C17: VCF Operations Fleet Manager | D17: =IFERROR(IF('IP Input Sheet'!D5<>"",'IP Input Sheet'!D5,IF('IP Input Sheet'!E5<>"",'IP Input Sheet'!E5,'IP Input Sheet'!F5)),"[Enter IP]") -> 10.3.118.28 | E17: VCF Automation | F17: =IFERROR(IF('IP Input Sheet'!D7<>"",'IP Input Sheet'!D7,IF('IP Input Sheet'!E7<>"",'IP Input Sheet'!E7,'IP Input Sheet'!F7)),"[Enter IP]") -> 10.5.25.64/26 | G17: 8008 | H17: TCP | I17: Health check monitoring | J17: Allow | K17: Gateway FW | L17: Outbound
A18: VO-01 | B18: VCF Ops → NTP | C18: VCF Operations (VCFO) | D18: =IFERROR(IF('IP Input Sheet'!D6<>"",'IP Input Sheet'!D6,IF('IP Input Sheet'!E6<>"",'IP Input Sheet'!E6,'IP Input Sheet'!F6)),"[Enter IP]") -> 10.5.25.64/26 | E18: NTP Server | F18: ='IP Input Sheet'!D25 -> 10.3.111.133 | G18: 123 | H18: UDP | I18: Time sync — primary/replica/data nodes | J18: Allow | K18: Gateway FW | L18: Outbound
A19: VO-02 | B19: VCF Ops → DNS | C19: VCF Operations (VCFO) | D19: =IFERROR(IF('IP Input Sheet'!D6<>"",'IP Input Sheet'!D6,IF('IP Input Sheet'!E6<>"",'IP Input Sheet'!E6,'IP Input Sheet'!F6)),"[Enter IP]") -> 10.5.25.64/26 | E19: DNS Server | F19: ='IP Input Sheet'!D24 -> 10.3.111.122 | G19: 53 | H19: TCP/UDP | I19: DNS resolution | J19: Allow | K19: Gateway FW | L19: Outbound
A20: VO-03 | B20: VCF Ops → LDAP | C20: VCF Operations (VCFO) | D20: =IFERROR(IF('IP Input Sheet'!D6<>"",'IP Input Sheet'!D6,IF('IP Input Sheet'!E6<>"",'IP Input Sheet'!E6,'IP Input Sheet'!F6)),"[Enter IP]") -> 10.5.25.64/26 | E20: AD/LDAP Server | F20: ='IP Input Sheet'!D26 -> 10.3.111.153 | G20: 389 | H20: TCP | I20: LDAP directory | J20: Allow | K20: Gateway FW | L20: Outbound
A21: VO-04 | B21: VCF Ops → LDAPS | C21: VCF Operations (VCFO) | D21: =IFERROR(IF('IP Input Sheet'!D6<>"",'IP Input Sheet'!D6,IF('IP Input Sheet'!E6<>"",'IP Input Sheet'!E6,'IP Input Sheet'!F6)),"[Enter IP]") -> 10.5.25.64/26 | E21: AD/LDAP Server | F21: ='IP Input Sheet'!D26 -> 10.3.111.153 | G21: 636 | H21: TCP | I21: LDAPS secure directory | J21: Allow | K21: Gateway FW | L21: Outbound
A22: VO-05 | B22: VCF Ops → Global Catalog | C22: VCF Operations (VCFO) | D22: =IFERROR(IF('IP Input Sheet'!D6<>"",'IP Input Sheet'!D6,IF('IP Input Sheet'!E6<>"",'IP Input Sheet'!E6,'IP Input Sheet'!F6)),"[Enter IP]") -> 10.5.25.64/26 | E22: AD/LDAP Server | F22: ='IP Input Sheet'!D26 -> 10.3.111.153 | G22: 3268/3269 | H22: TCP | I22: Global Catalog AD | J22: Allow | K22: Gateway FW | L22: Outbound
A23: VO-06 | B23: VCF Ops → SFTP | C23: VCF Operations (VCFO) | D23: =IFERROR(IF('IP Input Sheet'!D6<>"",'IP Input Sheet'!D6,IF('IP Input Sheet'!E6<>"",'IP Input Sheet'!E6,'IP Input Sheet'!F6)),"[Enter IP]") -> 10.5.25.64/26 | E23: SFTP Server | F23: ='IP Input Sheet'!D28 -> 10.3.111.154 | G23: 22 | H23: TCP | I23: External backup | J23: Allow | K23: Gateway FW | L23: Outbound
A24: VO-07 | B24: VCF Ops → vCenter (inventory) | C24: VCF Operations (VCFO) | D24: =IFERROR(IF('IP Input Sheet'!D6<>"",'IP Input Sheet'!D6,IF('IP Input Sheet'!E6<>"",'IP Input Sheet'!E6,'IP Input Sheet'!F6)),"[Enter IP]") -> 10.5.25.64/26 | E24: vCenter Server | F24: =IFERROR(IF('IP Input Sheet'!D13<>"",'IP Input Sheet'!D13,IF('IP Input Sheet'!E13<>"",'IP Input Sheet'!E13,'IP Input Sheet'!F13)),"[Enter IP]") -> 10.3.118.18 | G24: 10443 | H24: TCP | I24: vCenter inventory service | J24: Allow | K24: Gateway FW | L24: Outbound
A25: VO-08 | B25: VCF Ops → vCenter (HTTPS) | C25: VCF Operations (VCFO) | D25: =IFERROR(IF('IP Input Sheet'!D6<>"",'IP Input Sheet'!D6,IF('IP Input Sheet'!E6<>"",'IP Input Sheet'!E6,'IP Input Sheet'!F6)),"[Enter IP]") -> 10.5.25.64/26 | E25: vCenter Server | F25: =IFERROR(IF('IP Input Sheet'!D13<>"",'IP Input Sheet'!D13,IF('IP Input Sheet'!E13<>"",'IP Input Sheet'!E13,'IP Input Sheet'!F13)),"[Enter IP]") -> 10.3.118.18 | G25: 443 | H25: TCP | I25: HTTPS API comms | J25: Allow | K25: Gateway FW | L25: Outbound
A26: VO-09 | B26: VCF Ops → ESXi | C26: VCF Operations (VCFO) | D26: =IFERROR(IF('IP Input Sheet'!D6<>"",'IP Input Sheet'!D6,IF('IP Input Sheet'!E6<>"",'IP Input Sheet'!E6,'IP Input Sheet'!F6)),"[Enter IP]") -> 10.5.25.64/26 | E26: ESXi Hosts (WLD) | F26: =IFERROR(IF('IP Input Sheet'!D20<>"",'IP Input Sheet'!D20,IF('IP Input Sheet'!E20<>"",'IP Input Sheet'!E20,'IP Input Sheet'!F20)),"[Enter IP]") -> 0 | G26: 443 | H26: TCP | I26: Management operations | J26: Allow | K26: Gateway FW | L26: Outbound
A27: VO-10 | B27: VCF Ops → NSX Manager | C27: VCF Operations (VCFO) | D27: =IFERROR(IF('IP Input Sheet'!D6<>"",'IP Input Sheet'!D6,IF('IP Input Sheet'!E6<>"",'IP Input Sheet'!E6,'IP Input Sheet'!F6)),"[Enter IP]") -> 10.5.25.64/26 | E27: NSX Manager | F27: =IFERROR(IF('IP Input Sheet'!D14<>"",'IP Input Sheet'!D14,IF('IP Input Sheet'!E14<>"",'IP Input Sheet'!E14,'IP Input Sheet'!F14)),"[Enter IP]") -> 10.3.118.0/24 | G27: 443 | H27: TCP | I27: NSX API metrics/inventory | J27: Allow | K27: Gateway FW | L27: Outbound
A28: VA-01 | B28: VCF Auto → vCenter | C28: VCF Automation (VCFA) | D28: =IFERROR(IF('IP Input Sheet'!D7<>"",'IP Input Sheet'!D7,IF('IP Input Sheet'!E7<>"",'IP Input Sheet'!E7,'IP Input Sheet'!F7)),"[Enter IP]") -> 10.5.25.64/26 | E28: vCenter Server | F28: =IFERROR(IF('IP Input Sheet'!D13<>"",'IP Input Sheet'!D13,IF('IP Input Sheet'!E13<>"",'IP Input Sheet'!E13,'IP Input Sheet'!F13)),"[Enter IP]") -> 10.3.118.18 | G28: 443 | H28: TCP | I28: API and Web Access — mgmt+API | J28: Allow | K28: Gateway FW | L28: Bidirectional
A29: VA-02 | B29: VCF Auto → ESXi (902) | C29: VCF Automation (VCFA) | D29: =IFERROR(IF('IP Input Sheet'!D7<>"",'IP Input Sheet'!D7,IF('IP Input Sheet'!E7<>"",'IP Input Sheet'!E7,'IP Input Sheet'!F7)),"[Enter IP]") -> 10.5.25.64/26 | E29: ESXi Hosts (WLD) | F29: =IFERROR(IF('IP Input Sheet'!D20<>"",'IP Input Sheet'!D20,IF('IP Input Sheet'!E20<>"",'IP Input Sheet'!E20,'IP Input Sheet'!F20)),"[Enter IP]") -> 0 | G29: 902 | H29: TCP | I29: VM Console VMRC/MKS | J29: Allow | K29: Gateway FW | L29: Outbound
A30: VA-03 | B30: VCF Auto → ESXi (443) | C30: VCF Automation (VCFA) | D30: =IFERROR(IF('IP Input Sheet'!D7<>"",'IP Input Sheet'!D7,IF('IP Input Sheet'!E7<>"",'IP Input Sheet'!E7,'IP Input Sheet'!F7)),"[Enter IP]") -> 10.5.25.64/26 | E30: ESXi Hosts (WLD) | F30: =IFERROR(IF('IP Input Sheet'!D20<>"",'IP Input Sheet'!D20,IF('IP Input Sheet'!E20<>"",'IP Input Sheet'!E20,'IP Input Sheet'!F20)),"[Enter IP]") -> 0 | G30: 443 | H30: TCP | I30: Web Console | J30: Allow | K30: Gateway FW | L30: Bidirectional
A31: VA-04 | B31: VCF Auto → ESXi (SSH) | C31: VCF Automation (VCFA) | D31: =IFERROR(IF('IP Input Sheet'!D7<>"",'IP Input Sheet'!D7,IF('IP Input Sheet'!E7<>"",'IP Input Sheet'!E7,'IP Input Sheet'!F7)),"[Enter IP]") -> 10.5.25.64/26 | E31: ESXi Hosts (WLD) | F31: =IFERROR(IF('IP Input Sheet'!D20<>"",'IP Input Sheet'!D20,IF('IP Input Sheet'!E20<>"",'IP Input Sheet'!E20,'IP Input Sheet'!F20)),"[Enter IP]") -> 0 | G31: 22 | H31: TCP | I31: SSH | J31: Allow | K31: Gateway FW | L31: Bidirectional | M31: Admin restrict to jump host
A32: VA-05 | B32: VCF Auto → NSX Mgr | C32: VCF Automation (VCFA) | D32: =IFERROR(IF('IP Input Sheet'!D7<>"",'IP Input Sheet'!D7,IF('IP Input Sheet'!E7<>"",'IP Input Sheet'!E7,'IP Input Sheet'!F7)),"[Enter IP]") -> 10.5.25.64/26 | E32: NSX Manager Cluster | F32: =IFERROR(IF('IP Input Sheet'!D14<>"",'IP Input Sheet'!D14,IF('IP Input Sheet'!E14<>"",'IP Input Sheet'!E14,'IP Input Sheet'!F14)),"[Enter IP]") -> 10.3.118.0/24 | G32: 443 | H32: TCP | I32: NSX Manager API HTTPS — policy provisioning | J32: Allow | K32: Gateway FW | L32: Bidirectional
A33: VA-06 | B33: VCF Auto → Supervisor VIP (443) | C33: VCF Automation (VCFA) | D33: =IFERROR(IF('IP Input Sheet'!D7<>"",'IP Input Sheet'!D7,IF('IP Input Sheet'!E7<>"",'IP Input Sheet'!E7,'IP Input Sheet'!F7)),"[Enter IP]") -> 10.5.25.64/26 | E33: Supervisor Control Plane VIP | F33: =IFERROR(IF('IP Input Sheet'!D21<>"",'IP Input Sheet'!D21,IF('IP Input Sheet'!E21<>"",'IP Input Sheet'!E21,'IP Input Sheet'!F21)),"[Enter IP]") -> 10.3.111.101 | G33: 443 | H33: TCP | I33: vSphere Supervisor API via LB | J33: Allow | K33: Gateway FW | L33: Outbound
A34: VA-07 | B34: VCF Auto → Supervisor VIP (6443) | C34: VCF Automation (VCFA) | D34: =IFERROR(IF('IP Input Sheet'!D7<>"",'IP Input Sheet'!D7,IF('IP Input Sheet'!E7<>"",'IP Input Sheet'!E7,'IP Input Sheet'!F7)),"[Enter IP]") -> 10.5.25.64/26 | E34: Supervisor Control Plane VIP | F34: =IFERROR(IF('IP Input Sheet'!D21<>"",'IP Input Sheet'!D21,IF('IP Input Sheet'!E21<>"",'IP Input Sheet'!E21,'IP Input Sheet'!F21)),"[Enter IP]") -> 10.3.111.101 | G34: 6443 | H34: TCP | I34: Kubernetes API server | J34: Allow | K34: Gateway FW | L34: Outbound
A35: VN-01 | B35: VON → vCenter (IPFIX) | C35: VCF Ops for Networks (VON) | D35: =IFERROR(IF('IP Input Sheet'!D9<>"",'IP Input Sheet'!D9,IF('IP Input Sheet'!E9<>"",'IP Input Sheet'!E9,'IP Input Sheet'!F9)),"[Enter IP]") -> 10.5.25.64/26 | E35: vCenter Server | F35: =IFERROR(IF('IP Input Sheet'!D13<>"",'IP Input Sheet'!D13,IF('IP Input Sheet'!E13<>"",'IP Input Sheet'!E13,'IP Input Sheet'!F13)),"[Enter IP]") -> 10.3.118.18 | G35: 2055 | H35: TCP | I35: IPFIX (deprecated → use 4739) | J35: Allow | K35: Gateway FW | L35: Outbound | M35: Port 2055 deprecated
A36: VN-02 | B36: VON → ESXi (IPFIX) | C36: VCF Ops for Networks (VON) | D36: =IFERROR(IF('IP Input Sheet'!D9<>"",'IP Input Sheet'!D9,IF('IP Input Sheet'!E9<>"",'IP Input Sheet'!E9,'IP Input Sheet'!F9)),"[Enter IP]") -> 10.5.25.64/26 | E36: ESXi Hosts (WLD) | F36: =IFERROR(IF('IP Input Sheet'!D20<>"",'IP Input Sheet'!D20,IF('IP Input Sheet'!E20<>"",'IP Input Sheet'!E20,'IP Input Sheet'!F20)),"[Enter IP]") -> 0 | G36: 4739 | H36: TCP/UDP | I36: IPFIX + NETFLOW export | J36: Allow | K36: Gateway FW | L36: Outbound
A37: VN-03 | B37: VON → NSX Manager | C37: VCF Ops for Networks (VON) | D37: =IFERROR(IF('IP Input Sheet'!D9<>"",'IP Input Sheet'!D9,IF('IP Input Sheet'!E9<>"",'IP Input Sheet'!E9,'IP Input Sheet'!F9)),"[Enter IP]") -> 10.5.25.64/26 | E37: NSX Manager | F37: =IFERROR(IF('IP Input Sheet'!D14<>"",'IP Input Sheet'!D14,IF('IP Input Sheet'!E14<>"",'IP Input Sheet'!E14,'IP Input Sheet'!F14)),"[Enter IP]") -> 10.3.118.0/24 | G37: 443 | H37: TCP | I37: HTTPS NSX API — inventory+config+events | J37: Allow | K37: Gateway FW | L37: Outbound
A38: VN-04 | B38: VON → DNS | C38: VCF Ops for Networks (VON) | D38: =IFERROR(IF('IP Input Sheet'!D9<>"",'IP Input Sheet'!D9,IF('IP Input Sheet'!E9<>"",'IP Input Sheet'!E9,'IP Input Sheet'!F9)),"[Enter IP]") -> 10.5.25.64/26 | E38: DNS Server | F38: ='IP Input Sheet'!D24 -> 10.3.111.122 | G38: 53 | H38: TCP | I38: DNS name resolution | J38: Allow | K38: Gateway FW | L38: Outbound
A39: VN-05 | B39: VON → NTP | C39: VCF Ops for Networks (VON) | D39: =IFERROR(IF('IP Input Sheet'!D9<>"",'IP Input Sheet'!D9,IF('IP Input Sheet'!E9<>"",'IP Input Sheet'!E9,'IP Input Sheet'!F9)),"[Enter IP]") -> 10.5.25.64/26 | E39: NTP Server | F39: ='IP Input Sheet'!D25 -> 10.3.111.133 | G39: 123 | H39: UDP | I39: Time server | J39: Allow | K39: Gateway FW | L39: Outbound
A40: VN-06 | B40: VON → Switches (SNMP) | C40: VCF Ops for Networks (VON) | D40: =IFERROR(IF('IP Input Sheet'!D9<>"",'IP Input Sheet'!D9,IF('IP Input Sheet'!E9<>"",'IP Input Sheet'!E9,'IP Input Sheet'!F9)),"[Enter IP]") -> 10.5.25.64/26 | E40: Multi-Vendor Switches/Routers | F40: [Enter IP] | G40: 161 | H40: TCP | I40: SNMP Polling | J40: Allow | K40: Gateway FW | L40: Outbound | M40: Confirm physical device IPs with network team
A41: VN-07 | B41: VON → VON Collector (HTTPS) | C41: VCF Ops for Networks (VON) | D41: =IFERROR(IF('IP Input Sheet'!D9<>"",'IP Input Sheet'!D9,IF('IP Input Sheet'!E9<>"",'IP Input Sheet'!E9,'IP Input Sheet'!F9)),"[Enter IP]") -> 10.5.25.64/26 | E41: VCF OPS Network Collector (M7) | F41: =IFERROR(IF('IP Input Sheet'!D19<>"",'IP Input Sheet'!D19,IF('IP Input Sheet'!E19<>"",'IP Input Sheet'!E19,'IP Input Sheet'!F19)),"[Enter IP]") -> 10.3.118.101 | G41: 443 | H41: TCP | I41: VON Collector API — flow collection | J41: Allow | K41: Gateway FW | L41: Outbound | M41: M7 — added per Raju
A42: VN-08 | B42: VON → VON Collector (SSH) | C42: VCF Ops for Networks (VON) | D42: =IFERROR(IF('IP Input Sheet'!D9<>"",'IP Input Sheet'!D9,IF('IP Input Sheet'!E9<>"",'IP Input Sheet'!E9,'IP Input Sheet'!F9)),"[Enter IP]") -> 10.5.25.64/26 | E42: VCF OPS Network Collector (M7) | F42: =IFERROR(IF('IP Input Sheet'!D19<>"",'IP Input Sheet'!D19,IF('IP Input Sheet'!E19<>"",'IP Input Sheet'!E19,'IP Input Sheet'!F19)),"[Enter IP]") -> 10.3.118.101 | G42: 22 | H42: TCP | I42: SSH management — collector node | J42: Allow | K42: Gateway FW | L42: Outbound | M42: M7 — Admin, restrict to jump host
A43: VO-11 | B43: VCFO → VON Collector | C43: VCF Operations (VCFO) | D43: =IFERROR(IF('IP Input Sheet'!D6<>"",'IP Input Sheet'!D6,IF('IP Input Sheet'!E6<>"",'IP Input Sheet'!E6,'IP Input Sheet'!F6)),"[Enter IP]") -> 10.5.25.64/26 | E43: VCF OPS Network Collector (M7) | F43: =IFERROR(IF('IP Input Sheet'!D19<>"",'IP Input Sheet'!D19,IF('IP Input Sheet'!E19<>"",'IP Input Sheet'!E19,'IP Input Sheet'!F19)),"[Enter IP]") -> 10.3.118.101 | G43: 443 | H43: TCP | I43: VCFO → collector metrics/config | J43: Allow | K43: Gateway FW | L43: Outbound | M43: M7 — per Raju
A44: BGP-01a | B44: Edge 1 Uplink1 → ToR BGP (VLAN 2606) | C44: NSX Edge 1 — Uplink 1 (Rack 1) | D44: =IFERROR(IF('IP Input Sheet'!D21<>"",'IP Input Sheet'!D21,IF('IP Input Sheet'!E21<>"",'IP Input Sheet'!E21,'IP Input Sheet'!F21)),"[Enter IP]") -> 10.3.111.101 | E44: ToR BGP Peer (Rack 1) | F44: =IFERROR(IF('IP Input Sheet'!D31<>"",'IP Input Sheet'!D31,IF('IP Input Sheet'!E31<>"",'IP Input Sheet'!E31,'IP Input Sheet'!F31)),"[Enter IP]") -> 0 | G44: 179 | H44: TCP | I44: BGP peering — Edge 1 Uplink1 to ToR | J44: Allow | K44: Gateway FW | L44: Bidirectional | M44: EU1→EU11 — must be allowed at vDefend Gateway FW
A45: BGP-01b | B45: Edge 1 Uplink2 → ToR BGP (VLAN 2607) | C45: NSX Edge 1 — Uplink 2 (Rack 1) | D45: =IFERROR(IF('IP Input Sheet'!D22<>"",'IP Input Sheet'!D22,IF('IP Input Sheet'!#REF!<>"",'IP Input Sheet'!#REF!,'IP Input Sheet'!F22)),"[Enter IP]") -> 10.3.111.121 | E45: ToR BGP Peer (Rack 1) | F45: =IFERROR(IF('IP Input Sheet'!D31<>"",'IP Input Sheet'!D31,IF('IP Input Sheet'!E31<>"",'IP Input Sheet'!E31,'IP Input Sheet'!F31)),"[Enter IP]") -> 0 | G45: 179 | H45: TCP | I45: BGP peering — Edge 1 Uplink2 to ToR | J45: Allow | K45: Gateway FW | L45: Bidirectional | M45: EU2→EU11 — must be allowed at vDefend Gateway FW
A46: BGP-02a | B46: Edge 2 Uplink1 → ToR BGP (VLAN 2606) | C46: NSX Edge 2 — Uplink 1 (Rack 1) | D46: =IFERROR(IF('IP Input Sheet'!D23<>"",'IP Input Sheet'!D23,IF('IP Input Sheet'!E22<>"",'IP Input Sheet'!E22,'IP Input Sheet'!F23)),"[Enter IP]") -> 10.3.111.102 | E46: ToR BGP Peer (Rack 1) | F46: =IFERROR(IF('IP Input Sheet'!D31<>"",'IP Input Sheet'!D31,IF('IP Input Sheet'!E31<>"",'IP Input Sheet'!E31,'IP Input Sheet'!F31)),"[Enter IP]") -> 0 | G46: 179 | H46: TCP | I46: BGP peering — Edge 2 Uplink1 to ToR | J46: Allow | K46: Gateway FW | L46: Bidirectional | M46: EU3→EU11 — must be allowed at vDefend Gateway FW
A47: BGP-02b | B47: Edge 2 Uplink2 → ToR BGP (VLAN 2607) | C47: NSX Edge 2 — Uplink 2 (Rack 1) | D47: =IFERROR(IF('IP Input Sheet'!D24<>"",'IP Input Sheet'!D24,IF('IP Input Sheet'!E24<>"",'IP Input Sheet'!E24,'IP Input Sheet'!F24)),"[Enter IP]") -> 10.3.111.122 | E47: ToR BGP Peer (Rack 1) | F47: =IFERROR(IF('IP Input Sheet'!D31<>"",'IP Input Sheet'!D31,IF('IP Input Sheet'!E31<>"",'IP Input Sheet'!E31,'IP Input Sheet'!F31)),"[Enter IP]") -> 0 | G47: 179 | H47: TCP | I47: BGP peering — Edge 2 Uplink2 to ToR | J47: Allow | K47: Gateway FW | L47: Bidirectional | M47: EU4→EU11 — must be allowed at vDefend Gateway FW
A48: BGP-03a | B48: Edge 3 Uplink1 → ToR BGP (VLAN 2608) | C48: NSX Edge 3 — Uplink 1 (Rack 2) | D48: =IFERROR(IF('IP Input Sheet'!D25<>"",'IP Input Sheet'!D25,IF('IP Input Sheet'!E25<>"",'IP Input Sheet'!E25,'IP Input Sheet'!F25)),"[Enter IP]") -> 10.3.111.133 | E48: ToR BGP Peer (Rack 2) | F48: =IFERROR(IF('IP Input Sheet'!D31<>"",'IP Input Sheet'!D31,IF('IP Input Sheet'!E31<>"",'IP Input Sheet'!E31,'IP Input Sheet'!F31)),"[Enter IP]") -> 0 | G48: 179 | H48: TCP | I48: BGP peering — Edge 3 Uplink1 to ToR | J48: Allow | K48: Gateway FW | L48: Bidirectional | M48: EU5→EU11 — must be allowed at vDefend Gateway FW
A49: BGP-03b | B49: Edge 3 Uplink2 → ToR BGP (VLAN 2609) | C49: NSX Edge 3 — Uplink 2 (Rack 2) | D49: =IFERROR(IF('IP Input Sheet'!D26<>"",'IP Input Sheet'!D26,IF('IP Input Sheet'!E26<>"",'IP Input Sheet'!E26,'IP Input Sheet'!F26)),"[Enter IP]") -> 10.3.111.153 | E49: ToR BGP Peer (Rack 2) | F49: =IFERROR(IF('IP Input Sheet'!D31<>"",'IP Input Sheet'!D31,IF('IP Input Sheet'!E31<>"",'IP Input Sheet'!E31,'IP Input Sheet'!F31)),"[Enter IP]") -> 0 | G49: 179 | H49: TCP | I49: BGP peering — Edge 3 Uplink2 to ToR | J49: Allow | K49: Gateway FW | L49: Bidirectional | M49: EU6→EU11 — must be allowed at vDefend Gateway FW
A50: BGP-04a | B50: Edge 4 Uplink1 → ToR BGP (VLAN 2608) | C50: NSX Edge 4 — Uplink 1 (Rack 2) | D50: =IFERROR(IF('IP Input Sheet'!D27<>"",'IP Input Sheet'!D27,IF('IP Input Sheet'!E27<>"",'IP Input Sheet'!E27,'IP Input Sheet'!F27)),"[Enter IP]") -> 10.3.111.134 | E50: ToR BGP Peer (Rack 2) | F50: =IFERROR(IF('IP Input Sheet'!D31<>"",'IP Input Sheet'!D31,IF('IP Input Sheet'!E31<>"",'IP Input Sheet'!E31,'IP Input Sheet'!F31)),"[Enter IP]") -> 0 | G50: 179 | H50: TCP | I50: BGP peering — Edge 4 Uplink1 to ToR | J50: Allow | K50: Gateway FW | L50: Bidirectional | M50: EU7→EU11 — must be allowed at vDefend Gateway FW
A51: BGP-04b | B51: Edge 4 Uplink2 → ToR BGP (VLAN 2609) | C51: NSX Edge 4 — Uplink 2 (Rack 2) | D51: =IFERROR(IF('IP Input Sheet'!D28<>"",'IP Input Sheet'!D28,IF('IP Input Sheet'!E28<>"",'IP Input Sheet'!E28,'IP Input Sheet'!F28)),"[Enter IP]") -> 10.3.111.154 | E51: ToR BGP Peer (Rack 2) | F51: =IFERROR(IF('IP Input Sheet'!D31<>"",'IP Input Sheet'!D31,IF('IP Input Sheet'!E31<>"",'IP Input Sheet'!E31,'IP Input Sheet'!F31)),"[Enter IP]") -> 0 | G51: 179 | H51: TCP | I51: BGP peering — Edge 4 Uplink2 to ToR | J51: Allow | K51: Gateway FW | L51: Bidirectional | M51: EU8→EU11 — must be allowed at vDefend Gateway FW
A52: TEP-01 | B52: Edge TEP ↔ Host TEP (intra-AZ GENEVE) | C52: NSX Edge TEP (all edges) | D52: =IFERROR(IF('IP Input Sheet'!D29<>"",'IP Input Sheet'!D29,IF('IP Input Sheet'!E29<>"",'IP Input Sheet'!E29,'IP Input Sheet'!F29)),"[Enter IP]") -> 10.5.236.0/24 | E52: NSX Host TEP (all ESXi) | F52: =IFERROR(IF('IP Input Sheet'!D18<>"",'IP Input Sheet'!D18,IF('IP Input Sheet'!E18<>"",'IP Input Sheet'!E18,'IP Input Sheet'!F18)),"[Enter IP]") -> 10.3.118.0/24 | G52: 6081 | H52: UDP | I52: GENEVE encapsulation — intra-AZ overlay | J52: Allow | K52: Gateway FW | L52: Bidirectional | M52: EU9 — MTU 1600+ required end to end
A53: TEP-02 | B53: Edge TEP ↔ Edge TEP (HA heartbeat) | C53: NSX Edge TEP | D53: =IFERROR(IF('IP Input Sheet'!D29<>"",'IP Input Sheet'!D29,IF('IP Input Sheet'!E29<>"",'IP Input Sheet'!E29,'IP Input Sheet'!F29)),"[Enter IP]") -> 10.5.236.0/24 | E53: NSX Edge TEP (peer) | F53: =IFERROR(IF('IP Input Sheet'!D29<>"",'IP Input Sheet'!D29,IF('IP Input Sheet'!E29<>"",'IP Input Sheet'!E29,'IP Input Sheet'!F29)),"[Enter IP]") -> 10.5.236.0/24 | G53: 6081 | H53: UDP | I53: GENEVE — intra-AZ Edge HA | J53: Allow | K53: Gateway FW | L53: Bidirectional | M53: EU9 — same subnet, intra-AZ only
A54: TEP-03 | B54: Remote TEP — cross-AZ GENEVE | C54: NSX Remote TEP (RTEP) | D54: =IFERROR(IF('IP Input Sheet'!D30<>"",'IP Input Sheet'!D30,IF('IP Input Sheet'!E30<>"",'IP Input Sheet'!E30,'IP Input Sheet'!F30)),"[Enter IP]") -> 10.5.22.0/24 | E54: NSX Remote TEP (peer AZ) | F54: =IFERROR(IF('IP Input Sheet'!D30<>"",'IP Input Sheet'!D30,IF('IP Input Sheet'!E30<>"",'IP Input Sheet'!E30,'IP Input Sheet'!F30)),"[Enter IP]") -> 10.5.22.0/24 | G54: 6081 | H54: UDP | I54: GENEVE cross-AZ — via Super Spine | J54: Allow | K54: Gateway FW | L54: Bidirectional | M54: EU10 — VLAN 2605, goes via Super Spine not ToR
A55: BFD-01 | B55: BFD — Edge to ToR fast failover | C55: NSX Edge Uplinks (all) | D55: =IFERROR(IF('IP Input Sheet'!D21<>"",'IP Input Sheet'!D21,IF('IP Input Sheet'!E21<>"",'IP Input Sheet'!E21,'IP Input Sheet'!F21)),"[Enter IP]") -> 10.3.111.101 | E55: ToR BGP Peer | F55: =IFERROR(IF('IP Input Sheet'!D31<>"",'IP Input Sheet'!D31,IF('IP Input Sheet'!E31<>"",'IP Input Sheet'!E31,'IP Input Sheet'!F31)),"[Enter IP]") -> 0 | G55: 3784 | H55: UDP | I55: BFD — bidirectional forwarding detection | J55: Allow | K55: Gateway FW | L55: Bidirectional | M55: EU1-EU8 → EU11 — required for fast BGP failover

Sheet Mgmt+WLD → Fleet
A1: AES-220 | Firewall Rules | Management Domain & WLD ESXi → Fleet
A2: Source IP and Destination IP auto-populate from 'IP Input Sheet'. Fill in IPs there first.
A3: # | B3: Rule Name | C3: Source Component | D3: Source IP / Subnet | E3: Destination Component | F3: Destination IP / Subnet | G3: Port | H3: Protocol | I3: Service / Application | J3: Action | K3: Firewall Type | L3: Flow Direction | M3: Notes
A4: MF-01 | B4: vCenter → Fleet Mgr (HTTPS) | C4: vCenter Server | D4: =IFERROR(IF('IP Input Sheet'!D13<>"",'IP Input Sheet'!D13,IF('IP Input Sheet'!E13<>"",'IP Input Sheet'!E13,'IP Input Sheet'!F13)),"[Enter IP]") -> 10.3.118.18 | E4: VCF Ops Fleet Manager | F4: =IFERROR(IF('IP Input Sheet'!D5<>"",'IP Input Sheet'!D5,IF('IP Input Sheet'!E5<>"",'IP Input Sheet'!E5,'IP Input Sheet'!F5)),"[Enter IP]") -> 10.3.118.28 | G4: 443 | H4: TCP | I4: Core APIs/HTTPS lifecycle+orchestration | J4: Allow | K4: Gateway FW | L4: Outbound | M4: Ticket req #4 Mgmt→Fleet
A5: MF-02 | B5: vCenter → VCFO (API) | C5: vCenter Server | D5: =IFERROR(IF('IP Input Sheet'!D13<>"",'IP Input Sheet'!D13,IF('IP Input Sheet'!E13<>"",'IP Input Sheet'!E13,'IP Input Sheet'!F13)),"[Enter IP]") -> 10.3.118.18 | E5: VCF Operations (VCFO) | F5: =IFERROR(IF('IP Input Sheet'!D6<>"",'IP Input Sheet'!D6,IF('IP Input Sheet'!E6<>"",'IP Input Sheet'!E6,'IP Input Sheet'!F6)),"[Enter IP]") -> 10.5.25.64/26 | G5: 443 | H5: TCP | I5: API comms bidirectional | J5: Allow | K5: Gateway FW | L5: Bidirectional
A6: MF-03 | B6: vCenter → VCFO (node mgr) | C6: vCenter Server | D6: =IFERROR(IF('IP Input Sheet'!D13<>"",'IP Input Sheet'!D13,IF('IP Input Sheet'!E13<>"",'IP Input Sheet'!E13,'IP Input Sheet'!F13)),"[Enter IP]") -> 10.3.118.18 | E6: VCF Operations (VCFO) | F6: =IFERROR(IF('IP Input Sheet'!D6<>"",'IP Input Sheet'!D6,IF('IP Input Sheet'!E6<>"",'IP Input Sheet'!E6,'IP Input Sheet'!F6)),"[Enter IP]") -> 10.5.25.64/26 | G6: 8443 | H6: TCP | I6: Node Manager | J6: Allow | K6: Gateway FW | L6: Outbound
A7: MF-04 | B7: vCenter → VCFA (API) | C7: vCenter Server | D7: =IFERROR(IF('IP Input Sheet'!D13<>"",'IP Input Sheet'!D13,IF('IP Input Sheet'!E13<>"",'IP Input Sheet'!E13,'IP Input Sheet'!F13)),"[Enter IP]") -> 10.3.118.18 | E7: VCF Automation (VCFA) | F7: =IFERROR(IF('IP Input Sheet'!D7<>"",'IP Input Sheet'!D7,IF('IP Input Sheet'!E7<>"",'IP Input Sheet'!E7,'IP Input Sheet'!F7)),"[Enter IP]") -> 10.5.25.64/26 | G7: 443 | H7: TCP | I7: API bidirectional | J7: Allow | K7: Gateway FW | L7: Bidirectional
A8: MF-05 | B8: vCenter → VOL (syslog) | C8: vCenter Server | D8: =IFERROR(IF('IP Input Sheet'!D13<>"",'IP Input Sheet'!D13,IF('IP Input Sheet'!E13<>"",'IP Input Sheet'!E13,'IP Input Sheet'!F13)),"[Enter IP]") -> 10.3.118.18 | E8: VCF Operations for Logs | F8: =IFERROR(IF('IP Input Sheet'!D8<>"",'IP Input Sheet'!D8,IF('IP Input Sheet'!E8<>"",'IP Input Sheet'!E8,'IP Input Sheet'!F8)),"[Enter IP]") -> 10.5.25.64/26 | G8: 514 | H8: TCP/UDP | I8: Syslog remote logging | J8: Allow | K8: Gateway FW | L8: Outbound
A9: MF-06 | B9: vCenter → VOL (syslog TLS) | C9: vCenter Server | D9: =IFERROR(IF('IP Input Sheet'!D13<>"",'IP Input Sheet'!D13,IF('IP Input Sheet'!E13<>"",'IP Input Sheet'!E13,'IP Input Sheet'!F13)),"[Enter IP]") -> 10.3.118.18 | E9: VCF Operations for Logs | F9: =IFERROR(IF('IP Input Sheet'!D8<>"",'IP Input Sheet'!D8,IF('IP Input Sheet'!E8<>"",'IP Input Sheet'!E8,'IP Input Sheet'!F8)),"[Enter IP]") -> 10.5.25.64/26 | G9: 1514 | H9: TCP | I9: Syslog over TLS | J9: Allow | K9: Gateway FW | L9: Outbound
A10: MF-07 | B10: vCenter → VON (IPFIX) | C10: vCenter Server | D10: =IFERROR(IF('IP Input Sheet'!D13<>"",'IP Input Sheet'!D13,IF('IP Input Sheet'!E13<>"",'IP Input Sheet'!E13,'IP Input Sheet'!F13)),"[Enter IP]") -> 10.3.118.18 | E10: VCF Ops for Networks | F10: =IFERROR(IF('IP Input Sheet'!D9<>"",'IP Input Sheet'!D9,IF('IP Input Sheet'!E9<>"",'IP Input Sheet'!E9,'IP Input Sheet'!F9)),"[Enter IP]") -> 10.5.25.64/26 | G10: 2055 | H10: UDP | I10: IPFIX flow data vDS→NSX | J10: Allow | K10: Gateway FW | L10: Outbound | M10: vDS distributed switches send IPFIX
A11: MF-08 | B11: NSX Manager → VCFO (API) | C11: NSX Manager | D11: =IFERROR(IF('IP Input Sheet'!D14<>"",'IP Input Sheet'!D14,IF('IP Input Sheet'!E14<>"",'IP Input Sheet'!E14,'IP Input Sheet'!F14)),"[Enter IP]") -> 10.3.118.0/24 | E11: VCF Operations (VCFO) | F11: =IFERROR(IF('IP Input Sheet'!D6<>"",'IP Input Sheet'!D6,IF('IP Input Sheet'!E6<>"",'IP Input Sheet'!E6,'IP Input Sheet'!F6)),"[Enter IP]") -> 10.5.25.64/26 | G11: 443 | H11: TCP | I11: API/inventory collection | J11: Allow | K11: Gateway FW | L11: Outbound
A12: MF-09 | B12: NSX Mgr → VOL (syslog) | C12: NSX Manager | D12: =IFERROR(IF('IP Input Sheet'!D14<>"",'IP Input Sheet'!D14,IF('IP Input Sheet'!E14<>"",'IP Input Sheet'!E14,'IP Input Sheet'!F14)),"[Enter IP]") -> 10.3.118.0/24 | E12: VCF Operations for Logs | F12: =IFERROR(IF('IP Input Sheet'!D8<>"",'IP Input Sheet'!D8,IF('IP Input Sheet'!E8<>"",'IP Input Sheet'!E8,'IP Input Sheet'!F8)),"[Enter IP]") -> 10.5.25.64/26 | G12: 514 | H12: TCP/UDP | I12: NSX node syslog | J12: Allow | K12: Gateway FW | L12: Outbound
A13: MF-10 | B13: NSX Mgr → VOL (syslog TLS) | C13: NSX Manager | D13: =IFERROR(IF('IP Input Sheet'!D14<>"",'IP Input Sheet'!D14,IF('IP Input Sheet'!E14<>"",'IP Input Sheet'!E14,'IP Input Sheet'!F14)),"[Enter IP]") -> 10.3.118.0/24 | E13: VCF Operations for Logs | F13: =IFERROR(IF('IP Input Sheet'!D8<>"",'IP Input Sheet'!D8,IF('IP Input Sheet'!E8<>"",'IP Input Sheet'!E8,'IP Input Sheet'!F8)),"[Enter IP]") -> 10.5.25.64/26 | G13: 6514 | H13: TCP | I13: Syslog over TLS | J13: Allow | K13: Gateway FW | L13: Outbound
A14: MF-11 | B14: SDDC Mgr → Fleet Mgr (HTTPS) | C14: SDDC Manager | D14: =IFERROR(IF('IP Input Sheet'!D16<>"",'IP Input Sheet'!D16,IF('IP Input Sheet'!E16<>"",'IP Input Sheet'!E16,'IP Input Sheet'!F16)),"[Enter IP]") -> 10.3.118.30 | E14: VCF Ops Fleet Manager | F14: =IFERROR(IF('IP Input Sheet'!D5<>"",'IP Input Sheet'!D5,IF('IP Input Sheet'!E5<>"",'IP Input Sheet'!E5,'IP Input Sheet'!F5)),"[Enter IP]") -> 10.3.118.28 | G14: 443 | H14: TCP | I14: HTTPS+API — fleet orchestration | J14: Allow | K14: Gateway FW | L14: Outbound
A15: MF-12 | B15: SDDC Mgr → Fleet Mgr (SSH) | C15: SDDC Manager | D15: =IFERROR(IF('IP Input Sheet'!D16<>"",'IP Input Sheet'!D16,IF('IP Input Sheet'!E16<>"",'IP Input Sheet'!E16,'IP Input Sheet'!F16)),"[Enter IP]") -> 10.3.118.30 | E15: VCF Ops Fleet Manager | F15: =IFERROR(IF('IP Input Sheet'!D5<>"",'IP Input Sheet'!D5,IF('IP Input Sheet'!E5<>"",'IP Input Sheet'!E5,'IP Input Sheet'!F5)),"[Enter IP]") -> 10.3.118.28 | G15: 22 | H15: TCP | I15: SSH — deployment+troubleshooting | J15: Allow | K15: Gateway FW | L15: Outbound | M15: Admin restrict to jump host
A16: MF-13 | B16: SDDC Mgr → VCFA (HTTPS) | C16: SDDC Manager | D16: =IFERROR(IF('IP Input Sheet'!D16<>"",'IP Input Sheet'!D16,IF('IP Input Sheet'!E16<>"",'IP Input Sheet'!E16,'IP Input Sheet'!F16)),"[Enter IP]") -> 10.3.118.30 | E16: VCF Automation (VCFA) | F16: =IFERROR(IF('IP Input Sheet'!D7<>"",'IP Input Sheet'!D7,IF('IP Input Sheet'!E7<>"",'IP Input Sheet'!E7,'IP Input Sheet'!F7)),"[Enter IP]") -> 10.5.25.64/26 | G16: 443 | H16: TCP | I16: API access management | J16: Allow | K16: Gateway FW | L16: Outbound
A17: MF-14 | B17: SDDC Mgr → VCFA (SSH) | C17: SDDC Manager | D17: =IFERROR(IF('IP Input Sheet'!D16<>"",'IP Input Sheet'!D16,IF('IP Input Sheet'!E16<>"",'IP Input Sheet'!E16,'IP Input Sheet'!F16)),"[Enter IP]") -> 10.3.118.30 | E17: VCF Automation (VCFA) | F17: =IFERROR(IF('IP Input Sheet'!D7<>"",'IP Input Sheet'!D7,IF('IP Input Sheet'!E7<>"",'IP Input Sheet'!E7,'IP Input Sheet'!F7)),"[Enter IP]") -> 10.5.25.64/26 | G17: 22 | H17: TCP | I17: SSH cluster nodes | J17: Allow | K17: Gateway FW | L17: Outbound | M17: Admin restrict to jump host
A18: MF-15 | B18: SDDC Mgr → VCFO (HTTPS) | C18: SDDC Manager | D18: =IFERROR(IF('IP Input Sheet'!D16<>"",'IP Input Sheet'!D16,IF('IP Input Sheet'!E16<>"",'IP Input Sheet'!E16,'IP Input Sheet'!F16)),"[Enter IP]") -> 10.3.118.30 | E18: VCF Operations (VCFO) | F18: =IFERROR(IF('IP Input Sheet'!D6<>"",'IP Input Sheet'!D6,IF('IP Input Sheet'!E6<>"",'IP Input Sheet'!E6,'IP Input Sheet'!F6)),"[Enter IP]") -> 10.5.25.64/26 | G18: 443 | H18: TCP | I18: API access cluster+nodes | J18: Allow | K18: Gateway FW | L18: Outbound
A19: MF-16 | B19: SDDC Mgr → VCFO (SSH) | C19: SDDC Manager | D19: =IFERROR(IF('IP Input Sheet'!D16<>"",'IP Input Sheet'!D16,IF('IP Input Sheet'!E16<>"",'IP Input Sheet'!E16,'IP Input Sheet'!F16)),"[Enter IP]") -> 10.3.118.30 | E19: VCF Operations (VCFO) | F19: =IFERROR(IF('IP Input Sheet'!D6<>"",'IP Input Sheet'!D6,IF('IP Input Sheet'!E6<>"",'IP Input Sheet'!E6,'IP Input Sheet'!F6)),"[Enter IP]") -> 10.5.25.64/26 | G19: 22 | H19: TCP | I19: SSH cluster+collector nodes | J19: Allow | K19: Gateway FW | L19: Outbound | M19: Admin restrict to jump host
A20: MF-17 | B20: SDDC Mgr → VOL (syslog) | C20: SDDC Manager | D20: =IFERROR(IF('IP Input Sheet'!D16<>"",'IP Input Sheet'!D16,IF('IP Input Sheet'!E16<>"",'IP Input Sheet'!E16,'IP Input Sheet'!F16)),"[Enter IP]") -> 10.3.118.30 | E20: VCF Operations for Logs | F20: =IFERROR(IF('IP Input Sheet'!D8<>"",'IP Input Sheet'!D8,IF('IP Input Sheet'!E8<>"",'IP Input Sheet'!E8,'IP Input Sheet'!F8)),"[Enter IP]") -> 10.5.25.64/26 | G20: 514 | H20: TCP | I20: Syslog based logging | J20: Allow | K20: Gateway FW | L20: Outbound
A21: MF-18 | B21: SDDC Mgr → VOL (9000) | C21: SDDC Manager | D21: =IFERROR(IF('IP Input Sheet'!D16<>"",'IP Input Sheet'!D16,IF('IP Input Sheet'!E16<>"",'IP Input Sheet'!E16,'IP Input Sheet'!F16)),"[Enter IP]") -> 10.3.118.30 | E21: VCF Operations for Logs | F21: =IFERROR(IF('IP Input Sheet'!D8<>"",'IP Input Sheet'!D8,IF('IP Input Sheet'!E8<>"",'IP Input Sheet'!E8,'IP Input Sheet'!F8)),"[Enter IP]") -> 10.5.25.64/26 | G21: 9000 | H21: TCP | I21: Log ingestion API CFAPI unencrypted | J21: Allow | K21: Gateway FW | L21: Outbound
A22: MF-19 | B22: SDDC Mgr → VOL (HTTPS) | C22: SDDC Manager | D22: =IFERROR(IF('IP Input Sheet'!D16<>"",'IP Input Sheet'!D16,IF('IP Input Sheet'!E16<>"",'IP Input Sheet'!E16,'IP Input Sheet'!F16)),"[Enter IP]") -> 10.3.118.30 | E22: VCF Operations for Logs | F22: =IFERROR(IF('IP Input Sheet'!D8<>"",'IP Input Sheet'!D8,IF('IP Input Sheet'!E8<>"",'IP Input Sheet'!E8,'IP Input Sheet'!F8)),"[Enter IP]") -> 10.5.25.64/26 | G22: 443 | H22: TCP | I22: Logs cluster VIP+nodes | J22: Allow | K22: Gateway FW | L22: Outbound
A23: MF-20 | B23: SDDC Mgr → VOL (9543) | C23: SDDC Manager | D23: =IFERROR(IF('IP Input Sheet'!D16<>"",'IP Input Sheet'!D16,IF('IP Input Sheet'!E16<>"",'IP Input Sheet'!E16,'IP Input Sheet'!F16)),"[Enter IP]") -> 10.3.118.30 | E23: VCF Operations for Logs | F23: =IFERROR(IF('IP Input Sheet'!D8<>"",'IP Input Sheet'!D8,IF('IP Input Sheet'!E8<>"",'IP Input Sheet'!E8,'IP Input Sheet'!F8)),"[Enter IP]") -> 10.5.25.64/26 | G23: 9543 | H23: TCP | I23: API access management ops | J23: Allow | K23: Gateway FW | L23: Outbound
A24: MF-21 | B24: SDDC Mgr → VIDB (HTTPS) | C24: SDDC Manager | D24: =IFERROR(IF('IP Input Sheet'!D16<>"",'IP Input Sheet'!D16,IF('IP Input Sheet'!E16<>"",'IP Input Sheet'!E16,'IP Input Sheet'!F16)),"[Enter IP]") -> 10.3.118.30 | E24: Identity Broker (VIDB) | F24: =IFERROR(IF('IP Input Sheet'!D10<>"",'IP Input Sheet'!D10,IF('IP Input Sheet'!E10<>"",'IP Input Sheet'!E10,'IP Input Sheet'!F10)),"[Enter IP]") -> 10.3.118.0/24 | G24: 443 | H24: TCP | I24: VCF SSO API — SDDC Mgr auth | J24: Allow | K24: Gateway FW | L24: Outbound | M24: Critical SSO dependency
A25: MF-22 | B25: SDDC Mgr → VIDB (SSH) | C25: SDDC Manager | D25: =IFERROR(IF('IP Input Sheet'!D16<>"",'IP Input Sheet'!D16,IF('IP Input Sheet'!E16<>"",'IP Input Sheet'!E16,'IP Input Sheet'!F16)),"[Enter IP]") -> 10.3.118.30 | E25: Identity Broker (VIDB) | F25: =IFERROR(IF('IP Input Sheet'!D10<>"",'IP Input Sheet'!D10,IF('IP Input Sheet'!E10<>"",'IP Input Sheet'!E10,'IP Input Sheet'!F10)),"[Enter IP]") -> 10.3.118.0/24 | G25: 22 | H25: TCP | I25: SSH SSO bringup ops | J25: Allow | K25: Gateway FW | L25: Outbound | M25: Admin — restrict to jump host
A26: MF-23 | B26: ESXi → VOL (syslog) | C26: ESXi Hosts (WLD) | D26: =IFERROR(IF('IP Input Sheet'!D20<>"",'IP Input Sheet'!D20,IF('IP Input Sheet'!E20<>"",'IP Input Sheet'!E20,'IP Input Sheet'!F20)),"[Enter IP]") -> 0 | E26: VCF Operations for Logs | F26: =IFERROR(IF('IP Input Sheet'!D8<>"",'IP Input Sheet'!D8,IF('IP Input Sheet'!E8<>"",'IP Input Sheet'!E8,'IP Input Sheet'!F8)),"[Enter IP]") -> 10.5.25.64/26 | G26: 514 | H26: TCP/UDP | I26: vSphere host syslog to VOL | J26: Allow | K26: Gateway FW | L26: Outbound | M26: Ticket req #4 — ESXi→Fleet
A27: MF-24 | B27: ESXi → VOL (syslog TLS) | C27: ESXi Hosts (WLD) | D27: =IFERROR(IF('IP Input Sheet'!D20<>"",'IP Input Sheet'!D20,IF('IP Input Sheet'!E20<>"",'IP Input Sheet'!E20,'IP Input Sheet'!F20)),"[Enter IP]") -> 0 | E27: VCF Operations for Logs | F27: =IFERROR(IF('IP Input Sheet'!D8<>"",'IP Input Sheet'!D8,IF('IP Input Sheet'!E8<>"",'IP Input Sheet'!E8,'IP Input Sheet'!F8)),"[Enter IP]") -> 10.5.25.64/26 | G27: 1514 | H27: TCP | I27: Secure syslog over TLS | J27: Allow | K27: Gateway FW | L27: Outbound
A28: MF-25 | B28: ESXi → VON (IPFIX) | C28: ESXi Hosts (WLD) | D28: =IFERROR(IF('IP Input Sheet'!D20<>"",'IP Input Sheet'!D20,IF('IP Input Sheet'!E20<>"",'IP Input Sheet'!E20,'IP Input Sheet'!F20)),"[Enter IP]") -> 0 | E28: VCF Ops for Networks | F28: =IFERROR(IF('IP Input Sheet'!D9<>"",'IP Input Sheet'!D9,IF('IP Input Sheet'!E9<>"",'IP Input Sheet'!E9,'IP Input Sheet'!F9)),"[Enter IP]") -> 10.5.25.64/26 | G28: 4739 | H28: TCP/UDP | I28: IPFIX flow export from ESXi | J28: Allow | K28: Gateway FW | L28: Outbound
A29: MF-26 | B29: ESXi (Mgmt) → VOL (syslog) | C29: ESXi Hosts (Mgmt Domain) | D29: =IFERROR(IF('IP Input Sheet'!D18<>"",'IP Input Sheet'!D18,IF('IP Input Sheet'!E18<>"",'IP Input Sheet'!E18,'IP Input Sheet'!F18)),"[Enter IP]") -> 10.3.118.0/24 | E29: VCF Operations for Logs | F29: =IFERROR(IF('IP Input Sheet'!D8<>"",'IP Input Sheet'!D8,IF('IP Input Sheet'!E8<>"",'IP Input Sheet'!E8,'IP Input Sheet'!F8)),"[Enter IP]") -> 10.5.25.64/26 | G29: 514 | H29: TCP/UDP | I29: Mgmt domain ESXi syslog | J29: Allow | K29: Gateway FW | L29: Outbound
A30: MF-27 | B30: ESXi (Mgmt) → VOL (TLS) | C30: ESXi Hosts (Mgmt Domain) | D30: =IFERROR(IF('IP Input Sheet'!D18<>"",'IP Input Sheet'!D18,IF('IP Input Sheet'!E18<>"",'IP Input Sheet'!E18,'IP Input Sheet'!F18)),"[Enter IP]") -> 10.3.118.0/24 | E30: VCF Operations for Logs | F30: =IFERROR(IF('IP Input Sheet'!D8<>"",'IP Input Sheet'!D8,IF('IP Input Sheet'!E8<>"",'IP Input Sheet'!E8,'IP Input Sheet'!F8)),"[Enter IP]") -> 10.5.25.64/26 | G30: 1514 | H30: TCP | I30: Secure syslog TLS | J30: Allow | K30: Gateway FW | L30: Outbound
A31: MF-28 | B31: ICMP All → Fleet (reachability) | C31: All Mgmt Domain Components | D31: [All Mgmt IPs] | E31: All Fleet Components | F31: [All Fleet IPs] | G31: ICMP | H31: ICMP | I31: IP reachability — ping/traceroute | J31: Allow | K31: Gateway FW | L31: Bidirectional | M31: ALL Fleet-level & VCF instance-level — mandatory
A32: MF-29 | B32: VON Collector → VON (HTTPS) | C32: VCF OPS Network Collector (M7) | D32: =IFERROR(IF('IP Input Sheet'!D19<>"",'IP Input Sheet'!D19,IF('IP Input Sheet'!E19<>"",'IP Input Sheet'!E19,'IP Input Sheet'!F19)),"[Enter IP]") -> 10.3.118.101 | E32: VCF Ops for Networks (VON) | F32: =IFERROR(IF('IP Input Sheet'!D9<>"",'IP Input Sheet'!D9,IF('IP Input Sheet'!E9<>"",'IP Input Sheet'!E9,'IP Input Sheet'!F9)),"[Enter IP]") -> 10.5.25.64/26 | G32: 443 | H32: TCP | I32: Collector → VON bidirectional API | J32: Allow | K32: Gateway FW | L32: Outbound | M32: M7 — added per Raju
A33: MF-30 | B33: VON Collector → NSX Manager | C33: VCF OPS Network Collector (M7) | D33: =IFERROR(IF('IP Input Sheet'!D19<>"",'IP Input Sheet'!D19,IF('IP Input Sheet'!E19<>"",'IP Input Sheet'!E19,'IP Input Sheet'!F19)),"[Enter IP]") -> 10.3.118.101 | E33: NSX Manager | F33: =IFERROR(IF('IP Input Sheet'!D14<>"",'IP Input Sheet'!D14,IF('IP Input Sheet'!E14<>"",'IP Input Sheet'!E14,'IP Input Sheet'!F14)),"[Enter IP]") -> 10.3.118.0/24 | G33: 443 | H33: TCP | I33: Collector pulls NSX flow/topology data | J33: Allow | K33: Gateway FW | L33: Outbound | M33: M7 — per Raju
A34: MF-31 | B34: VON Collector → vCenter | C34: VCF OPS Network Collector (M7) | D34: =IFERROR(IF('IP Input Sheet'!D19<>"",'IP Input Sheet'!D19,IF('IP Input Sheet'!E19<>"",'IP Input Sheet'!E19,'IP Input Sheet'!F19)),"[Enter IP]") -> 10.3.118.101 | E34: vCenter Server | F34: =IFERROR(IF('IP Input Sheet'!D13<>"",'IP Input Sheet'!D13,IF('IP Input Sheet'!E13<>"",'IP Input Sheet'!E13,'IP Input Sheet'!F13)),"[Enter IP]") -> 10.3.118.18 | G34: 443 | H34: TCP | I34: Collector pulls vCenter inventory | J34: Allow | K34: Gateway FW | L34: Outbound | M34: M7 — per Raju
A35: MF-32 | B35: SDDC Mgr → VON Collector | C35: SDDC Manager | D35: =IFERROR(IF('IP Input Sheet'!D16<>"",'IP Input Sheet'!D16,IF('IP Input Sheet'!E16<>"",'IP Input Sheet'!E16,'IP Input Sheet'!F16)),"[Enter IP]") -> 10.3.118.30 | E35: VCF OPS Network Collector (M7) | F35: =IFERROR(IF('IP Input Sheet'!D19<>"",'IP Input Sheet'!D19,IF('IP Input Sheet'!E19<>"",'IP Input Sheet'!E19,'IP Input Sheet'!F19)),"[Enter IP]") -> 10.3.118.101 | G35: 443 | H35: TCP | I35: SDDC lifecycle management of collector | J35: Allow | K35: Gateway FW | L35: Outbound | M35: M7 — per Raju

Sheet Fleet → External
A1: AES-220 | Firewall Rules | Fleet → External Services
A2: Source IP and Destination IP auto-populate from '📋 IP Input Sheet'. Fill in IPs there first.
A3: # | B3: Rule Name | C3: Source Component | D3: Source IP / Subnet | E3: Destination Component | F3: Destination IP / Subnet | G3: Port | H3: Protocol | I3: Service / Application | J3: Action | K3: Firewall Type | L3: Flow Direction | M3: Notes
A4: EX-01 | B4: Fleet Mgr → DNS | C4: VCF Operations Fleet Manager | D4: =IFERROR(IF('IP Input Sheet'!D5<>"",'IP Input Sheet'!D5,IF('IP Input Sheet'!E5<>"",'IP Input Sheet'!E5,'IP Input Sheet'!F5)),"[Enter IP]") -> 10.3.118.28 | E4: DNS Server | F4: ='IP Input Sheet'!D24 -> 10.3.111.122 | G4: 53 | H4: TCP/UDP | I4: Name resolution | J4: Allow | K4: Gateway FW | L4: Bidirectional | M4: All Fleet+VCF components
A5: EX-02 | B5: Fleet Mgr → NTP | C5: VCF Operations Fleet Manager | D5: =IFERROR(IF('IP Input Sheet'!D5<>"",'IP Input Sheet'!D5,IF('IP Input Sheet'!E5<>"",'IP Input Sheet'!E5,'IP Input Sheet'!F5)),"[Enter IP]") -> 10.3.118.28 | E5: NTP Server | F5: ='IP Input Sheet'!D25 -> 10.3.111.133 | G5: 123 | H5: UDP | I5: Time sync | J5: Allow | K5: Gateway FW | L5: Outbound
A6: EX-03 | B6: VCFO → DNS | C6: VCF Operations (VCFO) | D6: =IFERROR(IF('IP Input Sheet'!D6<>"",'IP Input Sheet'!D6,IF('IP Input Sheet'!E6<>"",'IP Input Sheet'!E6,'IP Input Sheet'!F6)),"[Enter IP]") -> 10.5.25.64/26 | E6: DNS Server | F6: ='IP Input Sheet'!D24 -> 10.3.111.122 | G6: 53 | H6: TCP/UDP | I6: DNS | J6: Allow | K6: Gateway FW | L6: Outbound | M6: Primary/Replica/Data nodes
A7: EX-04 | B7: VCFO → NTP | C7: VCF Operations (VCFO) | D7: =IFERROR(IF('IP Input Sheet'!D6<>"",'IP Input Sheet'!D6,IF('IP Input Sheet'!E6<>"",'IP Input Sheet'!E6,'IP Input Sheet'!F6)),"[Enter IP]") -> 10.5.25.64/26 | E7: NTP Server | F7: ='IP Input Sheet'!D25 -> 10.3.111.133 | G7: 123 | H7: UDP | I7: Time sync | J7: Allow | K7: Gateway FW | L7: Outbound
A8: EX-05 | B8: VCFO → LDAP | C8: VCF Operations (VCFO) | D8: =IFERROR(IF('IP Input Sheet'!D6<>"",'IP Input Sheet'!D6,IF('IP Input Sheet'!E6<>"",'IP Input Sheet'!E6,'IP Input Sheet'!F6)),"[Enter IP]") -> 10.5.25.64/26 | E8: AD/LDAP Server | F8: ='IP Input Sheet'!D26 -> 10.3.111.153 | G8: 389 | H8: TCP | I8: LDAP directory | J8: Allow | K8: Gateway FW | L8: Outbound
A9: EX-06 | B9: VCFO → LDAPS | C9: VCF Operations (VCFO) | D9: =IFERROR(IF('IP Input Sheet'!D6<>"",'IP Input Sheet'!D6,IF('IP Input Sheet'!E6<>"",'IP Input Sheet'!E6,'IP Input Sheet'!F6)),"[Enter IP]") -> 10.5.25.64/26 | E9: AD/LDAP Server | F9: ='IP Input Sheet'!D26 -> 10.3.111.153 | G9: 636 | H9: TCP | I9: Secure LDAP | J9: Allow | K9: Gateway FW | L9: Outbound
A10: EX-07 | B10: VCFO → Global Catalog | C10: VCF Operations (VCFO) | D10: =IFERROR(IF('IP Input Sheet'!D6<>"",'IP Input Sheet'!D6,IF('IP Input Sheet'!E6<>"",'IP Input Sheet'!E6,'IP Input Sheet'!F6)),"[Enter IP]") -> 10.5.25.64/26 | E10: AD/LDAP Server | F10: ='IP Input Sheet'!D26 -> 10.3.111.153 | G10: 3268/3269 | H10: TCP | I10: Global Catalog | J10: Allow | K10: Gateway FW | L10: Outbound
A11: EX-08 | B11: VCFO → SFTP | C11: VCF Operations (VCFO) | D11: =IFERROR(IF('IP Input Sheet'!D6<>"",'IP Input Sheet'!D6,IF('IP Input Sheet'!E6<>"",'IP Input Sheet'!E6,'IP Input Sheet'!F6)),"[Enter IP]") -> 10.5.25.64/26 | E11: SFTP Server | F11: ='IP Input Sheet'!D28 -> 10.3.111.154 | G11: 22 | H11: TCP | I11: External backup NOT primary | J11: Allow | K11: Gateway FW | L11: Outbound | M11: VCF Ops does NOT use SFTP for primary backup
A12: EX-09 | B12: VIDB → LDAP | C12: Identity Broker (VIDB) | D12: =IFERROR(IF('IP Input Sheet'!D10<>"",'IP Input Sheet'!D10,IF('IP Input Sheet'!E10<>"",'IP Input Sheet'!E10,'IP Input Sheet'!F10)),"[Enter IP]") -> 10.3.118.0/24 | E12: AD/LDAP Server | F12: ='IP Input Sheet'!D26 -> 10.3.111.153 | G12: 389 | H12: TCP/UDP | I12: Directory lookups | J12: Allow | K12: Gateway FW | L12: Outbound | M12: Identity Broker→AD
A13: EX-10 | B13: VIDB → Secure LDAP | C13: Identity Broker (VIDB) | D13: =IFERROR(IF('IP Input Sheet'!D10<>"",'IP Input Sheet'!D10,IF('IP Input Sheet'!E10<>"",'IP Input Sheet'!E10,'IP Input Sheet'!F10)),"[Enter IP]") -> 10.3.118.0/24 | E13: AD/LDAP Server | F13: ='IP Input Sheet'!D26 -> 10.3.111.153 | G13: 636 | H13: TCP | I13: Secure LDAP | J13: Allow | K13: Gateway FW | L13: Outbound
A14: EX-11 | B14: VIDB → IdP Federation | C14: Identity Broker (VIDB) | D14: =IFERROR(IF('IP Input Sheet'!D10<>"",'IP Input Sheet'!D10,IF('IP Input Sheet'!E10<>"",'IP Input Sheet'!E10,'IP Input Sheet'!F10)),"[Enter IP]") -> 10.3.118.0/24 | E14: IdP Federation Endpoint | F14: [External IP] | G14: 443 | H14: TCP | I14: SAML/OIDC/Okta/Ping/Entra ID | J14: Allow | K14: Gateway FW | L14: Outbound | M14: External IdP — confirm IP with AMEX security team
A15: EX-12 | B15: VIDB → DNS | C15: Identity Broker (VIDB) | D15: =IFERROR(IF('IP Input Sheet'!D10<>"",'IP Input Sheet'!D10,IF('IP Input Sheet'!E10<>"",'IP Input Sheet'!E10,'IP Input Sheet'!F10)),"[Enter IP]") -> 10.3.118.0/24 | E15: DNS Server | F15: ='IP Input Sheet'!D24 -> 10.3.111.122 | G15: 53 | H15: TCP/UDP | I15: FQDN resolution for vCenter/NSX/SDDC | J15: Allow | K15: Gateway FW | L15: Outbound
A16: EX-13 | B16: VIDB → NTP | C16: Identity Broker (VIDB) | D16: =IFERROR(IF('IP Input Sheet'!D10<>"",'IP Input Sheet'!D10,IF('IP Input Sheet'!E10<>"",'IP Input Sheet'!E10,'IP Input Sheet'!F10)),"[Enter IP]") -> 10.3.118.0/24 | E16: NTP Server | F16: ='IP Input Sheet'!D25 -> 10.3.111.133 | G16: 123 | H16: UDP | I16: Time sync | J16: Allow | K16: Gateway FW | L16: Outbound
A17: EX-14 | B17: VIDB → SFTP | C17: Identity Broker (VIDB) | D17: =IFERROR(IF('IP Input Sheet'!D10<>"",'IP Input Sheet'!D10,IF('IP Input Sheet'!E10<>"",'IP Input Sheet'!E10,'IP Input Sheet'!F10)),"[Enter IP]") -> 10.3.118.0/24 | E17: SFTP Server | F17: ='IP Input Sheet'!D28 -> 10.3.111.154 | G17: 22 | H17: TCP | I17: External backup via Fleet Mgr | J17: Allow | K17: Gateway FW | L17: Outbound
A18: EX-15 | B18: VIDB → CA Server | C18: Identity Broker (VIDB) | D18: =IFERROR(IF('IP Input Sheet'!D10<>"",'IP Input Sheet'!D10,IF('IP Input Sheet'!E10<>"",'IP Input Sheet'!E10,'IP Input Sheet'!F10)),"[Enter IP]") -> 10.3.118.0/24 | E18: CA Certificate Server | F18: ='IP Input Sheet'!D27 -> 10.3.111.134 | G18: 443 | H18: TCP | I18: SSL certificate CA | J18: Allow | K18: Gateway FW | L18: Outbound
A19: EX-16 | B19: ICMP — Fleet→External | C19: All Fleet Components | D19: [Fleet IPs] | E19: External Services | F19: [External IP] | G19: ICMP | H19: ICMP | I19: Reachability ping/traceroute | J19: Allow | K19: Gateway FW | L19: Bidirectional | M19: ALL Fleet-level components

Sheet  Route Table
A1: AES-220 | Route Table | Fleet ↔ Management Domain ↔ WLD ESXi
A2: Destination subnets auto-populated from ' IP Input Sheet'. Next-hop populated once IPs are entered.
A3: # | B3: Destination Network | C3: Subnet / IP | D3: Next Hop | E3: Via Interface | F3: Route Type | G3: Source Component | H3: AZ Scope | I3: Notes
A4: RT-01 | B4: Fleet Overlay Segment | C4: ='IP Input Sheet'!D11 -> 10.5.25.64/26 | D4: T0 Gateway (per AZ) | E4: NSX Overlay | F4: Static/NSX | G4: All Fleet Components | H4: AZ1/2/3 | I4: NSX overlay depends on Edge/T0 health
A5: RT-02 | B5: VCF Ops Fleet Manager | C5: ='IP Input Sheet'!D5 -> 10.3.118.28 | D5: T0 Gateway (per AZ) | E5: NSX Overlay | F5: NSX Overlay | G5: VCF Operations Fleet Manager | H5: AZ1/2/3 | I5: Fleet segment overlay routed
A6: RT-03 | B6: VCF Operations (VCFO) | C6: ='IP Input Sheet'!D6 -> 10.5.25.64/26 | D6: T0 Gateway (per AZ) | E6: NSX Overlay | F6: NSX Overlay | G6: VCF Operations | H6: AZ1/2/3 | I6: Fleet segment
A7: RT-04 | B7: VCF Automation (VCFA) | C7: ='IP Input Sheet'!D7 -> 10.5.25.64/26 | D7: T0 Gateway (per AZ) | E7: NSX Overlay | F7: NSX Overlay | G7: VCF Automation | H7: AZ1/2/3 | I7: Fleet segment
A8: RT-05 | B8: VCF Ops for Logs (VOL) | C8: ='IP Input Sheet'!D8 -> 10.5.25.64/26 | D8: T0 Gateway (per AZ) | E8: NSX Overlay | F8: NSX Overlay | G8: VCF Operations for Logs | H8: AZ1/2/3 | I8: Fleet segment
A9: RT-06 | B9: VCF Ops for Networks (VON) | C9: ='IP Input Sheet'!D9 -> 10.5.25.64/26 | D9: T0 Gateway (per AZ) | E9: NSX Overlay | F9: NSX Overlay | G9: VCF Ops for Networks | H9: AZ1/2/3 | I9: Fleet segment
A10: RT-07 | B10: Identity Broker (VIDB) | C10: ='IP Input Sheet'!D10 -> 10.3.118.0/24 | D10: T0 Gateway (per AZ) | E10: NSX Overlay | F10: NSX Overlay | G10: Identity Broker | H10: AZ1/2/3 | I10: Fleet segment SSO critical path
A11: RT-08 | B11: VM Management (VLAN 2600) | C11: ='IP Input Sheet'!D13 -> 10.3.118.18 | D11: ToR Switch (per AZ) | E11: VLAN 2600 | F11: VLAN/Static | G11: vCenter/NSX Mgr/SDDC Mgr | H11: AZ1/2/3 | I11: VLAN-backed direct physical, no NSX dependency
A12: RT-09 | B12: vCenter Server | C12: ='IP Input Sheet'!D13 -> 10.3.118.18 | D12: ToR Switch (per AZ) | E12: VLAN 2600 | F12: Static | G12: vCenter Server | H12: AZ1/2/3
A13: RT-10 | B13: NSX Manager | C13: ='IP Input Sheet'!D14 -> 10.3.118.0/24 | D13: ToR Switch (per AZ) | E13: VLAN 2600 | F13: Static | G13: NSX Manager | H13: AZ1/2/3
A14: RT-11 | B14: SDDC Manager | C14: ='IP Input Sheet'!D16 -> 10.3.118.30 | D14: ToR Switch (per AZ) | E14: VLAN 2600 | F14: Static | G14: SDDC Manager | H14: AZ1/2/3
A15: RT-12 | B15: ESXi Mgmt — WLD | C15: ='IP Input Sheet'!D20 -> 0 | D15: ToR Switch (per AZ) | E15: vDSW01 VM Mgmt PG | F15: Static | G15: ESXi Hosts WLD | H15: AZ1/2/3 | I15: WLD cluster hosts
A16: RT-13 | B16: ESXi Mgmt — Mgmt Domain | C16: ='IP Input Sheet'!D18 -> 10.3.118.0/24 | D16: ToR Switch (per AZ) | E16: vDSM01 VM Mgmt PG | F16: Static | G16: ESXi Hosts Mgmt | H16: AZ1/2/3 | I16: Mgmt domain cluster hosts
A17: RT-14 | B17: Workload Ext Subnet | C17: ='IP Input Sheet'!D21 -> 10.3.111.101 | D17: T0 Gateway (per AZ) | E17: NSX Edge / Uplink | F17: BGP Advertised | G17: Avi VIPs / WLD external | H17: AZ1/2/3 | I17: VIP subnet BGP advertised via Edge to ToR
A18: RT-15 | B18: DNS Server | C18: ='IP Input Sheet'!D24 -> 10.3.111.122 | D18: Edge Node → ToR | E18: Uplink VLAN | F18: Static | G18: All components | H18: DC-wide | I18: Outbound via Edge N-S path
A19: RT-16 | B19: NTP Server | C19: ='IP Input Sheet'!D25 -> 10.3.111.133 | D19: Edge Node → ToR | E19: Uplink VLAN | F19: Static | G19: All components | H19: DC-wide
A20: RT-17 | B20: AD/LDAP Server | C20: ='IP Input Sheet'!D26 -> 10.3.111.153 | D20: Edge Node → ToR | E20: Uplink VLAN | F20: Static | G20: Fleet+Mgmt components | H20: DC-wide
A21: RT-18 | B21: CA Certificate Server | C21: ='IP Input Sheet'!D27 -> 10.3.111.134 | D21: Edge Node → ToR | E21: Uplink VLAN | F21: Static | G21: Fleet+Mgmt components | H21: DC-wide
A22: RT-19 | B22: SFTP Backup Server | C22: ='IP Input Sheet'!D28 -> 10.3.111.154 | D22: Edge Node → ToR | E22: Uplink VLAN | F22: Static | G22: SDDC Mgr / VCF Ops | H22: DC-wide
A23: RT-20 | B23: Host TEP Subnet | C23: [VLAN TBD] | D23: Physical Fabric | E23: Host TEP VLAN | F23: VLAN | G23: NSX Host TEP | H23: Per AZ | I23: GENEVE encap MTU must be 1600+
A24: RT-21 | B24: Edge TEP Subnet | C24: VLAN 2603 | D24: Physical Fabric | E24: Edge TEP VLAN | F24: VLAN | G24: NSX Edge TEP | H24: Per AZ | I24: Edge nodes GENEVE tunnels
A25: RT-22 | B25: Remote TEP Subnet | C25: VLAN 2605 | D25: Super Spine | E25: RTEP VLAN | F25: VLAN | G25: Cross-AZ tunnels | H25: DC-wide | I25: Cross-AZ NSX overlay RTEP
A26: RT-23 | B26: Super Spine | C26: [Physical] | D26: Physical Routing | E26: Uplink 2606/2607/2608/2609 | F26: BGP | G26: All AZs | H26: DC-wide | I26: BGP between Edge nodes and ToR switches
A27: RT-13 | B27: VCF OPS Network Collector (M7) | C27: =IFERROR(IF('IP Input Sheet'!D19<>"",'IP Input Sheet'!D19,IF('IP Input Sheet'!E19<>"",'IP Input Sheet'!E19,'IP Input Sheet'!F19)),"[Enter IP]") -> 10.3.118.101 | D27: ToR Switch (per AZ) | E27: VLAN 2600 | F27: Static | G27: VCF OPS Network Collector | H27: AZ1/AZ2 | I27: M7 — Mgmt domain VLAN
A28: RT-14 | B28: NSX Edge Uplink — Rack1 VLAN 2606 | C28: ='IP Input Sheet'!D21 -> 10.3.111.101 | D28: ToR Rack1 | E28: VLAN 2606 Uplink | F28: BGP Peer | G28: NSX Edge Node 1 | H28: Per AZ | I28: Edge→ToR BGP peering — same /30 subnet
A29: RT-15 | B29: NSX Edge Uplink — Rack1 VLAN 2607 | C29: ='IP Input Sheet'!D22 -> 10.3.111.121 | D29: ToR Rack1 | E29: VLAN 2607 Uplink | F29: BGP Peer | G29: NSX Edge Node 2 | H29: Per AZ | I29: Edge→ToR BGP peering — same /30 subnet
A30: RT-16 | B30: NSX Edge Uplink — Rack2 VLAN 2608 | C30: ='IP Input Sheet'!D23 -> 10.3.111.102 | D30: ToR Rack2 | E30: VLAN 2608 Uplink | F30: BGP Peer | G30: NSX Edge Node 1 | H30: Per AZ | I30: Edge→ToR BGP peering
A31: RT-17 | B31: NSX Edge Uplink — Rack2 VLAN 2609 | C31: ='IP Input Sheet'!D24 -> 10.3.111.122 | D31: ToR Rack2 | E31: VLAN 2609 Uplink | F31: BGP Peer | G31: NSX Edge Node 2 | H31: Per AZ | I31: Edge→ToR BGP peering
A32: RT-18 | B32: Edge TEP Subnet (VLAN 2603) | C32: ='IP Input Sheet'!D25 -> 10.3.111.133 | D32: Physical Fabric | E32: Edge TEP VLAN 2603 | F32: VLAN | G32: NSX Edge TEP | H32: Per AZ | I32: Intra-AZ HA + GENEVE — MTU 1600+
A33: RT-19 | B33: Remote TEP — Cross-AZ (VLAN 2605) | C33: ='IP Input Sheet'!D26 -> 10.3.111.153 | D33: Super Spine | E33: RTEP VLAN 2605 | F33: VLAN | G33: Cross-AZ NSX Overlay | H33: DC-wide | I33: AZ1↔AZ2↔AZ3 GENEVE tunnels
A34: RT-20 | B34: ToR BGP Peer IPs | C34: ='IP Input Sheet'!D27 -> 10.3.111.134 | D34: Physical ToR Switch | E34: Uplink SVIs | F34: BGP | G34: ToR Switch (Network Team) | H34: Per AZ | I34: Get from network team — not Raju
A35: RT-E1a | B35: Edge 1 Uplink 1 (VLAN 2606) | C35: ='IP Input Sheet'!D21 -> 10.3.111.101 | D35: ToR Rack 1 | E35: VLAN 2606 SVI | F35: BGP Peer | G35: NSX Edge 1 | H35: Per AZ | I35: EU1 — same /30 subnet as Edge 2 on Rack 1
A36: RT-E1b | B36: Edge 1 Uplink 2 (VLAN 2607) | C36: ='IP Input Sheet'!D22 -> 10.3.111.121 | D36: ToR Rack 1 | E36: VLAN 2607 SVI | F36: BGP Peer | G36: NSX Edge 1 | H36: Per AZ | I36: EU2 — redundant uplink same Edge node
A37: RT-E2a | B37: Edge 2 Uplink 1 (VLAN 2606) | C37: ='IP Input Sheet'!D23 -> 10.3.111.102 | D37: ToR Rack 1 | E37: VLAN 2606 SVI | F37: BGP Peer | G37: NSX Edge 2 | H37: Per AZ | I37: EU3 — same /30 subnet as Edge 1 on Rack 1
A38: RT-E2b | B38: Edge 2 Uplink 2 (VLAN 2607) | C38: ='IP Input Sheet'!D24 -> 10.3.111.122 | D38: ToR Rack 1 | E38: VLAN 2607 SVI | F38: BGP Peer | G38: NSX Edge 2 | H38: Per AZ | I38: EU4 — redundant uplink same Edge node
A39: RT-E3a | B39: Edge 3 Uplink 1 (VLAN 2608) | C39: ='IP Input Sheet'!D25 -> 10.3.111.133 | D39: ToR Rack 2 | E39: VLAN 2608 SVI | F39: BGP Peer | G39: NSX Edge 3 | H39: Per AZ | I39: EU5 — same /30 subnet as Edge 2 on Rack 2
A40: RT-E3b | B40: Edge 3 Uplink 2 (VLAN 2609) | C40: ='IP Input Sheet'!D26 -> 10.3.111.153 | D40: ToR Rack 2 | E40: VLAN 2609 SVI | F40: BGP Peer | G40: NSX Edge 3 | H40: Per AZ | I40: EU6 — redundant uplink same Edge node
A41: RT-E4a | B41: Edge 4 Uplink 1 (VLAN 2608) | C41: ='IP Input Sheet'!D27 -> 10.3.111.134 | D41: ToR Rack 2 | E41: VLAN 2608 SVI | F41: BGP Peer | G41: NSX Edge 4 | H41: Per AZ | I41: EU7 — same /30 subnet as Edge 3 on Rack 2
A42: RT-E4b | B42: Edge 4 Uplink 2 (VLAN 2609) | C42: ='IP Input Sheet'!D28 -> 10.3.111.154 | D42: ToR Rack 2 | E42: VLAN 2609 SVI | F42: BGP Peer | G42: NSX Edge 4 | H42: Per AZ | I42: EU8 — redundant uplink same Edge node
A43: RT-TEP | B43: Edge TEP Subnet (VLAN 2603) | C43: ='IP Input Sheet'!D29 -> 10.5.236.0/24 | D43: Physical Fabric | E43: Edge TEP VLAN 2603 | F43: VLAN | G43: NSX Edge TEP | H43: Per AZ | I43: EU9 — GENEVE intra-AZ, MTU 1600+
A44: RT-RTEP | B44: Remote TEP Subnet (VLAN 2605) | C44: ='IP Input Sheet'!D30 -> 10.5.22.0/24 | D44: Super Spine | E44: RTEP VLAN 2605 | F44: VLAN | G44: Cross-AZ NSX Overlay | H44: DC-wide | I44: EU10 — AZ1↔AZ2↔AZ3 cross-AZ GENEVE

Sheet Port Summary
A1: AES-220 | Unique Port Reference | All Fleet Firewall Ports Consolidated
A2: Port | B2: Protocol | C2: Service | D2: Used By (Source) | E2: Used By (Destination) | F2: Notes
A3: 22 | B3: TCP | C3: SSH | D3: VCF Installer, SDDC Mgr, Fleet Mgr, VCFA, VCFO | E3: ESXi, SDDC Mgr, Fleet VMs, SFTP | F3: Admin only restrict to jump host / bastion
A4: 50 | B4: ESP | C4: Encapsulating Security Payload | D4: Identity Broker | E4: ALL | F4: Used by k8s to encapsulate hidden networks — bidirectional
A5: 53 | B5: TCP/UDP | C5: DNS | D5: All Fleet + VCF Components | E5: DNS Servers | F5: Bidirectional ALL Fleet-level and VCF instance-level
A6: 123 | B6: UDP | C6: NTP | D6: All Fleet + VCF Components | E6: NTP Servers | F6: Time sync ALL VCF 9 components
A7: 161 | B7: TCP | C7: SNMP | D7: VCF Ops for Networks (VON) | E7: Switches/Routers | F7: SNMP polling physical devices
A8: 389 | B8: TCP/UDP | C8: LDAP | D8: VCF Ops, Identity Broker, vCenter | E8: AD/LDAP Servers | F8: Directory lookups Active Directory integration
A9: 443 | B9: TCP | C9: HTTPS | D9: All Fleet + Mgmt Components | E9: All Fleet + Mgmt Components | F9: Primary management port most component comms
A10: 514 | B10: TCP/UDP | C10: Syslog | D10: vCenter, NSX, SDDC, ESXi, VCFA | E10: VCF Ops for Logs (VOL) | F10: Remote syslog all components log to VOL
A11: 636 | B11: TCP | C11: LDAPS | D11: VCF Ops, Identity Broker, vCenter | E11: AD/LDAP Servers | F11: Secure LDAP
A12: 902 | B12: TCP | C12: Heartbeat / VMRC | D12: vCenter, VCF Automation | E12: ESXi Hosts | F12: Core mgmt comms vCenter↔ESXi + VM console
A13: 1514 | B13: TCP | C13: Syslog over TLS | D13: vCenter, NSX, ESXi, VCFA | E13: VCF Ops for Logs (VOL) | F13: Secure syslog TLS
... A35: 3784/3785 | B35: UDP | C35: BFD | D35: NSX Edge Uplinks | E35: ToR BGP Peer | F35: Bidirectional Forwarding Detection — fast BGP failover
